tick,sim_second,organisms,food,species,plants,grazers,hunters,omnivores,infected,avg_lifespan,avg_body_size,avg_speed,avg_armor,avg_attack,avg_photo,avg_diet,avg_photo_area,avg_speed_plants,avg_speed_eaters,avg_light_share,ready_share_plants,ready_share_eaters,avg_disease_resistance,avg_symbiosis_rate,symbiotic_pairs,deaths_starvation,deaths_predation,deaths_old_age,deaths_disease,deaths_event,energy_total,flow_photosynthesis,flow_food,flow_predation,flow_grazing,flow_symbiosis,flow_metabolism,flow_movement,flow_disease,flow_reproduction_spent,flow_reproduction_received,flow_death,flow_clamp,flow_digestion,ledger_max_residual,ledger_cumulative_residual,grazes_eat,grazes_attack,kills_consumer,kills_plant,grazer_kills,grazer_kills_consumer,attacks_no_plant_in_reach
31,1.0,477,10776,0,160,120,91,106,0,10.78,0.863,0.781,0.170,0.153,0.232,-0.066,1.528,0.3180,1.3119,0.797,0.450,0.174,0.096,-0.009,41,0,23,0,0,0,26161.85,1407.769,8032.367,43.425,52.148,12.244,2238.334,584.363,0.000,3763.219,3010.575,1128.673,1478.661,206.014,0.000156,-0.000754,0,16,23,0,8,8,3520
61,2.0,532,9483,0,166,156,91,119,0,23.80,0.886,0.804,0.159,0.145,0.215,-0.117,1.529,0.3239,1.4176,0.802,0.512,0.145,0.090,-0.010,60,0,23,0,0,0,27931.12,1412.881,7850.743,56.799,44.110,18.976,2525.285,607.829,0.000,3216.777,2573.422,1320.118,2184.942,269.621,0.000139,-0.001625,0,57,23,0,12,12,4254
91,3.0,607,8184,0,166,207,89,145,1,30.19,0.914,0.834,0.142,0.132,0.192,-0.180,1.529,0.3235,1.5626,0.831,0.530,0.125,0.085,-0.012,77,0,28,0,0,0,31183.83,1412.500,10134.435,42.923,31.807,22.770,2877.487,702.961,0.138,4349.399,3479.519,1630.160,2000.840,255.682,0.000159,-0.003267,0,52,28,0,21,21,5178
121,4.0,730,6863,0,171,297,87,175,3,36.22,0.957,0.883,0.133,0.117,0.169,-0.248,1.527,0.3179,1.6964,0.865,0.503,0.104,0.077,-0.015,82,1,31,0,0,0,36698.76,1526.555,12655.192,22.611,66.826,25.142,3546.239,1007.117,2.306,6608.378,5286.703,1166.396,1405.598,240.096,0.000113,-0.003745,0,29,31,0,24,24,6925
151,5.0,909,5452,21,184,425,83,217,5,48.46,0.991,0.931,0.116,0.099,0.150,-0.308,1.517,0.3223,1.8791,0.850,0.467,0.086,0.068,-0.016,88,6,19,0,0,0,43384.38,1621.267,16008.825,22.646,86.605,24.382,4477.061,1453.175,7.019,8627.903,6902.323,843.955,2255.211,205.114,0.000157,-0.003958,0,31,19,0,14,14,9631
181,6.0,1220,3487,21,192,700,77,251,5,59.72,1.057,1.008,0.097,0.083,0.124,-0.393,1.522,0.3111,2.0588,0.815,0.458,0.074,0.057,-0.020,94,14,68,0,1,0,55489.23,1714.223,28961.785,56.213,126.296,23.184,6218.294,2570.130,8.224,17459.137,13967.310,2945.068,3069.013,324.811,0.000144,-0.004555,0,12,68,0,54,54,14700
211,7.0,1394,1967,21,200,857,67,270,6,69.14,1.076,1.030,0.094,0.080,0.115,-0.421,1.512,0.3216,2.1339,0.800,0.445,0.059,0.053,-0.020,109,21,137,0,0,0,60121.75,1776.985,25898.111,127.546,328.564,22.088,8148.844,3529.813,9.397,14682.970,11746.376,6012.502,1818.865,714.113,0.000115,-0.004356,0,59,137,0,112,112,20319
241,8.0,1460,1215,21,217,932,56,255,7,93.76,1.084,1.040,0.094,0.075,0.118,-0.442,1.516,0.3261,2.1488,0.811,0.396,0.051,0.053,-0.021,127,42,118,0,1,0,59631.94,1933.225,18144.761,44.228,141.883,25.202,9031.349,3570.202,11.989,9906.728,7925.383,4480.471,921.741,614.928,0.000168,-0.004534,0,37,118,0,106,106,23661
271,9.0,1374,960,21,224,895,40,215,10,118.00,1.082,1.035,0.094,0.070,0.127,-0.461,1.517,0.3191,2.1612,0.788,0.375,0.053,0.052,-0.019,119,79,115,0,0,0,55961.44,2139.797,12692.104,38.152,175.432,23.897,9045.007,3336.983,17.989,4680.814,3744.651,3687.493,1019.718,497.203,0.000124,-0.003228,0,33,115,0,100,100,24209
301,10.0,1282,964,20,234,824,31,193,11,131.63,1.072,1.024,0.095,0.063,0.138,-0.468,1.512,0.3185,2.1471,0.803,0.380,0.059,0.052,-0.019,115,95,95,0,2,0,52839.33,2254.741,11106.840,41.607,171.820,19.544,8299.339,2968.904,18.115,4390.768,3512.614,3024.652,743.119,593.014,0.000124,-0.002745,0,53,95,0,86,86,22992
331,11.0,1234,927,20,259,787,24,164,12,155.38,1.057,1.007,0.095,0.059,0.154,-0.480,1.504,0.3130,2.1532,0.779,0.344,0.058,0.052,-0.018,83,97,72,0,1,0,51975.10,2526.597,12564.949,26.965,230.561,16.623,7861.122,3086.817,22.115,5131.671,4105.337,2524.070,940.621,521.659,0.000226,-0.001208,0,49,72,0,68,68,21107
361,12.0,1232,897,20,275,796,18,143,13,163.73,1.054,1.004,0.091,0.056,0.164,-0.496,1.496,0.3245,2.1857,0.773,0.324,0.051,0.052,-0.017,75,75,64,0,1,0,53478.98,2762.588,14806.916,44.323,298.367,18.486,7547.280,3327.549,23.232,6008.254,4806.603,2332.611,1286.013,391.608,0.000153,-0.001069,0,74,64,0,51,51,20135
391,13.0,1269,845,20,303,826,12,128,13,176.16,1.055,0.998,0.091,0.055,0.174,-0.514,1.496,0.3303,2.2153,0.724,0.294,0.054,0.051,-0.015,93,57,84,0,1,0,55766.39,3035.483,16827.875,50.804,303.136,15.345,7711.812,3540.230,25.125,7770.014,6216.011,3303.894,957.315,534.373,0.000115,-0.001128,0,113,84,0,74,74,19848
421,14.0,1289,847,20,334,837,11,107,15,171.35,1.051,0.996,0.090,0.052,0.188,-0.526,1.489,0.3182,2.2455,0.741,0.257,0.059,0.051,-0.017,101,49,95,0,0,0,58221.30,3425.583,16898.400,46.656,380.783,16.060,7873.478,3273.398,26.457,7042.468,5633.974,3640.158,1079.149,614.593,0.000181,-0.002101,0,148,95,0,86,86,20452
451,15.0,1414,976,20,370,942,10,92,19,182.54,1.056,0.998,0.089,0.049,0.189,-0.539,1.487,0.3340,2.2788,0.704,0.243,0.052,0.051,-0.018,106,34,53,0,1,0,63314.44,3898.314,18683.763,54.528,519.972,15.137,8254.626,3311.123,30.216,9165.544,7332.435,2428.052,1137.758,548.590,0.000164,-0.001382,0,131,53,0,42,42,21820
481,16.0,1529,897,20,411,1026,10,82,21,187.85,1.055,1.011,0.089,0.053,0.195,-0.551,1.486,0.3366,2.3341,0.672,0.234,0.055,0.050,-0.019,107,42,98,0,0,0,68159.94,4308.753,21760.168,59.994,548.808,15.549,9132.187,3801.600,35.997,10954.371,8763.497,3974.517,1328.600,819.636,0.000171,-0.001846,0,165,98,0,85,85,24356
511,17.0,1662,818,20,469,1117,6,70,22,170.76,1.052,1.018,0.091,0.050,0.205,-0.566,1.485,0.3303,2.3781,0.660,0.190,0.054,0.050,-0.017,114,30,120,0,3,0,74463.90,4883.392,24964.789,93.763,447.329,14.831,9838.327,4254.378,37.273,12141.067,9712.854,4874.761,1503.611,701.421,0.000124,-0.001091,0,116,120,0,97,97,25883
541,18.0,1858,722,20,534,1254,6,64,21,153.05,1.054,1.032,0.093,0.051,0.210,-0.579,1.484,0.3342,2.4492,0.645,0.169,0.048,0.050,-0.015,126,30,105,0,0,0,81854.14,5763.875,26644.184,67.318,724.587,15.466,11056.208,4872.173,35.792,14213.562,11370.850,4187.663,1332.855,757.736,0.000175,-0.001295,0,137,105,0,92,92,28007
571,19.0,2039,603,20,600,1378,3,58,24,152.05,1.053,1.041,0.092,0.049,0.217,-0.592,1.475,0.3358,2.4878,0.640,0.158,0.040,0.050,-0.016,124,35,133,0,2,0,87847.08,6460.681,28506.014,97.089,1217.486,12.968,12316.533,5520.714,38.928,15000.010,12000.008,5444.263,1524.780,1225.625,0.000210,-0.001132,0,218,133,0,113,113,29460
601,20.0,2175,634,20,673,1450,3,49,30,159.12,1.044,1.037,0.091,0.047,0.228,-0.601,1.469,0.3473,2.5372,0.625,0.150,0.037,0.051,-0.017,120,51,142,0,2,0,92578.87,7454.568,27549.138,56.271,1136.981,13.655,13243.556,5789.798,45.485,14047.460,11237.968,5694.408,1518.047,1227.398,0.000191,-0.002064,0,240,142,0,129,129,30635
631,21.0,2367,592,20,773,1543,3,48,45,141.49,1.032,1.035,0.094,0.047,0.240,-0.605,1.470,0.3499,2.5782,0.628,0.127,0.037,0.051,-0.018,105,57,142,0,2,0,99814.35,8476.584,31762.769,44.141,1691.697,14.282,14204.907,6292.699,60.851,16404.220,13123.376,5948.341,1628.126,1632.246,0.000166,-0.002593,0,317,142,0,139,139,31814
661,22.0,2600,493,20,873,1678,2,47,70,154.67,1.027,1.040,0.096,0.046,0.247,-0.612,1.464,0.3440,2.6287,0.616,0.110,0.032,0.051,-0.018,122,60,135,0,2,0,107871.60,9809.987,33140.423,38.254,2337.472,15.654,15509.482,7018.074,87.624,18136.905,14509.525,5202.210,1537.101,1949.539,0.000277,-0.005057,0,520,135,0,130,130,33354
691,23.0,2782,519,20,985,1755,1,41,92,158.54,1.017,1.033,0.100,0.045,0.261,-0.620,1.463,0.3536,2.6512,0.617,0.093,0.032,0.052,-0.019,119,44,193,0,6,0,114341.43,11240.653,34301.561,60.480,2457.924,14.646,16798.300,7636.867,120.335,17776.176,14220.941,7207.638,1662.359,2152.127,0.000199,-0.006436,0,577,193,0,184,184,35376
721,24.0,2948,512,20,1114,1796,2,36,103,150.49,1.001,1.018,0.101,0.043,0.278,-0.626,1.468,0.3569,2.6624,0.612,0.086,0.035,0.054,-0.018,117,61,233,0,6,0,120005.46,12843.337,35108.863,88.348,2515.405,15.959,17555.394,7877.012,149.274,19423.056,15538.445,9135.444,1560.488,2214.293,0.000235,-0.007441,0,467,233,0,218,218,35931
751,25.0,3179,504,21,1306,1841,2,30,139,161.04,0.978,1.001,0.103,0.042,0.301,-0.634,1.467,0.3615,2.7066,0.598,0.086,0.030,0.056,-0.019,142,68,231,0,5,0,126748.95,14670.934,35582.024,72.333,2572.284,18.494,18577.869,8159.217,185.722,21655.726,17324.581,8865.055,1197.399,2265.395,0.000242,-0.009578,0,575,231,0,223,223,35195
781,26.0,3425,473,21,1520,1882,1,22,206,165.62,0.954,0.973,0.103,0.041,0.325,-0.641,1.462,0.3577,2.7224,0.561,0.074,0.036,0.059,-0.020,129,56,222,0,10,0,134924.14,16570.093,37153.201,87.089,3385.295,19.499,19483.085,8536.921,263.992,21181.564,16945.252,9026.898,1487.390,2600.602,0.000155,-0.010005,0,814,222,0,208,208,33937
811,27.0,3653,486,21,1713,1922,1,17,276,148.79,0.932,0.955,0.107,0.041,0.343,-0.646,1.459,0.3625,2.7568,0.562,0.060,0.037,0.060,-0.020,140,65,259,0,9,0,141770.55,18835.225,38212.217,71.785,5477.509,22.769,20492.150,8977.074,369.225,22662.532,18130.026,10495.856,1608.577,3797.421,0.000271,-0.010238,0,1294,259,0,251,251,33839
841,28.0,3882,409,21,1902,1964,2,14,409,151.18,0.915,0.941,0.113,0.042,0.358,-0.651,1.455,0.3717,2.8026,0.557,0.053,0.034,0.062,-0.020,164,63,308,0,13,0,146883.41,21587.887,38275.234,95.083,7426.180,24.855,21424.293,9216.730,551.070,25253.891,20203.113,11984.641,1775.717,4842.123,0.000234,-0.010747,0,1771,308,0,293,293,33883
871,29.0,4079,455,21,2127,1936,2,14,561,137.93,0.889,0.915,0.119,0.040,0.379,-0.652,1.460,0.3731,2.7932,0.551,0.047,0.031,0.064,-0.020,138,58,358,0,19,0,149597.67,23592.825,38194.765,103.260,8023.807,27.972,22110.901,9279.672,789.463,25604.956,20483.965,15047.999,1403.189,5424.370,0.000300,-0.010785,0,2171,358,0,352,352,33563
901,30.0,4310,459,21,2348,1948,2,12,724,148.27,0.870,0.896,0.129,0.040,0.396,-0.657,1.460,0.3770,2.7883,0.533,0.048,0.032,0.066,-0.020,135,53,372,0,26,0,154455.92,25783.547,38676.001,86.064,9350.533,27.635,22710.215,9239.139,1082.348,28045.373,22436.299,14086.096,1085.683,5874.809,0.000223,-0.008937,0,2617,372,0,363,363,33640
931,31.0,4479,452,21,2554,1914,1,10,974,150.12,0.850,0.880,0.140,0.039,0.413,-0.660,1.463,0.3793,2.8065,0.544,0.034,0.033,0.068,-0.020,150,50,455,0,22,0,155168.25,28161.205,39610.855,93.181,11727.974,28.296,23482.983,9370.579,1455.714,28850.599,23080.479,18377.584,1212.555,7483.369,0.000243,-0.008493,0,3506,455,0,451,451,33423
961,32.0,4561,456,21,2715,1835,1,10,1243,147.68,0.831,0.857,0.156,0.040,0.430,-0.658,1.467,0.3813,2.8324,0.546,0.024,0.034,0.070,-0.020,185,35,520,0,37,0,150442.22,30851.702,38333.237,98.586,15623.417,33.121,23785.676,9326.498,1941.971,28732.418,22985.935,22012.757,1433.459,9762.720,0.000190,-0.009682,0,4713,520,0,516,516,33265
991,33.0,4614,471,21,2835,1772,1,6,1573,148.59,0.818,0.836,0.173,0.042,0.444,-0.659,1.468,0.3829,2.7841,0.553,0.021,0.029,0.072,-0.023,202,27,558,0,70,0,143776.25,32902.855,38397.452,93.878,18029.224,34.239,23604.785,8999.114,2521.065,30774.207,24619.366,24293.491,1599.157,10887.694,0.000256,-0.010524,0,6038,558,0,557,557,32998
1021,34.0,4589,540,21,2928,1657,2,2,1884,125.21,0.801,0.809,0.201,0.043,0.460,-0.660,1.471,0.3845,2.7187,0.560,0.012,0.031,0.074,-0.025,199,32,579,0,58,0,134220.61,34146.540,34921.763,109.546,20280.032,40.008,23361.844,8475.478,3133.886,28598.953,22879.163,24837.720,1094.209,12110.560,0.000279,-0.011823,0,7782,579,0,576,576,31228
1051,35.0,4610,537,21,3023,1583,2,2,2156,122.26,0.789,0.788,0.226,0.043,0.473,-0.658,1.474,0.3876,2.6618,0.553,0.010,0.034,0.076,-0.027,217,15,522,0,71,0,129090.25,35140.864,35271.974,90.134,18421.255,37.631,23189.680,7979.252,3660.963,27819.396,22255.517,22985.767,1210.829,11042.969,0.000224,-0.013089,0,8773,522,0,522,522,30824
1081,36.0,4692,506,21,3044,1644,2,2,2414,148.30,0.798,0.796,0.257,0.046,0.469,-0.655,1.478,0.3848,2.6136,0.564,0.005,0.035,0.076,-0.027,213,7,444,0,74,0,125540.65,35127.037,35804.803,84.524,20142.611,40.244,23616.287,7936.832,4157.048,27942.156,22353.725,19882.930,1440.105,11944.328,0.000247,-0.013310,0,10408,444,0,442,442,30607
1111,37.0,4726,488,21,3045,1680,0,1,2656,145.38,0.805,0.801,0.289,0.048,0.467,-0.657,1.479,0.3860,2.5616,0.560,0.005,0.035,0.076,-0.026,209,16,421,0,99,0,119298.23,34745.093,33888.823,82.808,20095.111,49.957,24385.897,8123.634,4627.489,26248.063,20998.451,20060.734,1144.706,11367.077,0.000299,-0.014905,0,12531,421,0,420,420,31414
1141,38.0,4711,536,21,3001,1710,0,0,2866,179.16,0.812,0.804,0.322,0.050,0.463,-0.652,1.486,0.3858,2.5146,0.584,0.002,0.033,0.076,-0.026,221,9,363,0,141,0,114618.71,34964.851,32719.644,62.689,19345.293,47.343,25159.233,8113.368,5095.153,23161.300,18529.040,17127.283,1466.918,10832.483,0.000241,-0.017201,0,14976,363,0,363,363,31764
1171,39.0,4759,523,21,2933,1826,0,0,3044,205.38,0.832,0.824,0.353,0.054,0.450,-0.650,1.490,0.3830,2.4815,0.585,0.002,0.033,0.075,-0.027,200,10,242,0,131,0,114378.68,34163.139,31866.021,40.274,17591.945,47.539,26090.771,8355.423,5426.788,20275.160,16220.128,11531.576,1155.255,9694.615,0.000236,-0.019550,0,16211,242,0,242,242,33847
1201,40.0,4761,481,20,2863,1898,0,0,3085,207.98,0.845,0.841,0.384,0.056,0.441,-0.648,1.496,0.3863,2.4612,0.604,0.001,0.035,0.074,-0.028,183,7,261,0,150,0,111841.21,33103.717,31840.749,42.932,16561.551,44.509,27018.216,8554.636,5630.572,19927.749,15942.200,12082.664,977.275,9275.958,0.000195,-0.019470,0,17317,261,0,261,261,35721
1231,41.0,4749,406,20,2787,1962,0,0,3111,240.96,0.858,0.853,0.410,0.059,0.432,-0.647,1.503,0.3862,2.4320,0.607,0.001,0.039,0.073,-0.028,164,14,200,0,158,0,109999.64,32098.772,30468.186,39.496,15580.443,36.566,27628.078,8565.043,5748.722,16969.630,13575.705,9844.648,843.198,8424.405,0.000283,-0.019532,0,18603,200,0,200,200,35972
1261,42.0,4709,410,20,2686,2023,0,0,3095,284.28,0.872,0.870,0.425,0.060,0.423,-0.653,1.508,0.3858,2.4259,0.613,0.001,0.035,0.072,-0.028,167,10,134,0,202,0,108837.95,30750.575,29398.300,22.781,14100.536,43.987,28217.473,8791.141,5742.710,14521.305,11617.044,7228.818,1289.294,7159.648,0.000305,-0.017345,0,19260,134,0,134,134,36930
1291,43.0,4629,383,20,2593,2036,0,0,3033,278.96,0.881,0.881,0.442,0.062,0.417,-0.657,1.513,0.3851,2.4131,0.631,0.002,0.038,0.072,-0.029,142,16,132,0,206,0,105561.34,29546.349,27492.159,20.950,13874.567,41.294,28328.394,8868.374,5642.405,12959.712,10367.770,7013.445,1180.355,6711.153,0.000250,-0.016732,0,20329,132,0,132,132,36956
1321,44.0,4531,367,20,2520,2011,0,0,2978,288.46,0.885,0.886,0.451,0.062,0.415,-0.659,1.518,0.3857,2.4112,0.638,0.002,0.036,0.071,-0.029,132,16,114,0,200,0,101390.58,28182.954,25833.710,19.621,13116.142,34.530,28171.184,8793.359,5536.931,10967.590,8774.072,5966.230,1082.039,6463.794,0.000274,-0.018439,0,20378,114,0,114,114,37093
1351,45.0,4399,313,18,2409,1990,0,0,2904,325.85,0.892,0.899,0.458,0.063,0.411,-0.665,1.524,0.3866,2.4226,0.650,0.002,0.036,0.070,-0.029,126,27,84,0,251,0,98577.14,26822.394,25644.938,11.541,11965.486,35.804,27916.839,8633.202,5396.796,10914.982,8731.986,4819.326,782.153,5560.996,0.000130,-0.019112,0,19887,84,0,84,84,37740
1381,46.0,4256,267,18,2301,1955,0,0,2756,343.04,0.898,0.909,0.469,0.065,0.407,-0.670,1.533,0.3855,2.4187,0.659,0.003,0.039,0.070,-0.030,122,27,84,0,240,0,93514.23,24960.358,22984.877,14.416,11549.069,35.653,27450.137,8695.590,5173.467,9764.991,7811.993,3877.435,663.768,5209.167,0.000227,-0.018033,0,19176,84,0,83,83,38354
1411,47.0,4063,245,18,2205,1858,0,0,2618,325.20,0.895,0.907,0.471,0.065,0.409,-0.676,1.541,0.3854,2.4102,0.668,0.002,0.038,0.070,-0.030,116,44,79,0,223,0,87372.25,23516.181,21555.701,10.923,10328.257,32.971,26632.573,8478.894,4903.434,7285.104,5828.083,4288.149,711.027,4753.689,0.000146,-0.017522,0,18320,79,0,79,79,37441
1441,48.0,3866,268,18,2105,1761,0,0,2414,381.45,0.893,0.905,0.472,0.065,0.411,-0.680,1.550,0.3833,2.4105,0.678,0.001,0.039,0.070,-0.029,135,38,62,0,242,0,82629.23,22086.885,20457.734,9.278,9157.080,34.109,25224.364,7822.849,4559.325,6776.734,5421.387,3715.513,457.808,4161.701,0.000165,-0.018611,0,17189,62,0,62,62,35614
1471,49.0,3668,239,18,2002,1666,0,0,2200,418.65,0.891,0.904,0.473,0.066,0.413,-0.682,1.561,0.3785,2.4149,0.691,0.002,0.038,0.071,-0.029,96,31,41,0,256,0,77344.62,20499.450,17580.128,4.618,8654.146,32.030,24041.499,7448.255,4155.592,6027.273,4821.819,2074.841,573.771,3869.403,0.000217,-0.019177,0,16211,41,0,41,41,34201
1501,50.0,3480,198,15,1918,1562,0,0,2064,396.43,0.886,0.899,0.474,0.065,0.418,-0.684,1.568,0.3790,2.4133,0.700,0.003,0.039,0.072,-0.029,102,38,45,0,221,0,72432.72,19090.108,17167.813,5.406,8131.653,31.159,22720.486,6977.206,3793.585,5407.510,4326.008,2569.821,439.970,3592.655,0.000227,-0.016633,0,15076,45,0,45,45,33504
1531,51.0,3247,257,15,1815,1432,0,0,1827,414.50,0.878,0.892,0.472,0.065,0.424,-0.688,1.576,0.3782,2.4180,0.701,0.005,0.041,0.072,-0.029,112,43,46,0,232,0,66349.75,17514.908,14724.274,3.413,7277.908,30.969,21425.841,6460.754,3479.144,4079.112,3263.290,2440.400,580.868,3122.738,0.000247,-0.015432,0,13592,46,0,46,46,32286
1561,52.0,3053,253,15,1732,1321,0,0,1662,463.05,0.871,0.883,0.469,0.064,0.431,-0.693,1.585,0.3751,2.3969,0.714,0.004,0.042,0.073,-0.030,89,55,41,0,187,0,61517.21,16197.727,14325.843,5.275,6326.948,27.569,19964.452,5913.812,3093.891,4046.880,3237.504,2531.355,383.098,2665.402,0.000118,-0.015691,0,12107,41,0,41,41,30729
1591,53.0,2858,230,15,1653,1205,0,0,1452,426.79,0.858,0.873,0.464,0.063,0.439,-0.699,1.589,0.3749,2.4061,0.720,0.002,0.037,0.073,-0.030,111,62,49,0,173,0,57127.26,14817.775,13966.506,4.781,5989.614,28.457,18688.110,5485.005,2768.391,4197.676,3358.141,2602.921,223.776,2571.272,0.000166,-0.016975,0,10907,49,0,49,49,28743
1621,54.0,2700,245,15,1586,1114,0,0,1289,481.07,0.850,0.866,0.461,0.062,0.446,-0.705,1.597,0.3746,2.4227,0.723,0.004,0.039,0.074,-0.031,89,44,22,0,167,0,53597.67,13907.640,11872.262,1.625,5298.641,26.876,17371.119,5022.942,2402.023,3521.432,2817.145,1423.801,275.671,2111.275,0.000152,-0.016366,0,9432,22,0,22,22,27853
1651,55.0,2566,232,13,1513,1053,0,0,1203,515.32,0.846,0.863,0.462,0.063,0.448,-0.711,1.605,0.3679,2.4237,0.742,0.005,0.043,0.074,-0.031,92,56,21,0,132,0,51375.50,13081.549,12138.457,1.570,5233.746,31.196,16393.779,4738.961,2170.640,3488.822,2791.057,912.992,558.349,1971.266,0.000082,-0.015728,0,8981,21,0,21,21,25629
1681,56.0,2432,209,13,1438,994,0,0,1060,521.57,0.844,0.862,0.465,0.064,0.449,-0.715,1.610,0.3659,2.4263,0.758,0.006,0.044,0.075,-0.031,93,46,20,0,143,0,47994.41,12297.827,10185.511,1.679,4788.460,31.220,15673.218,4555.750,1947.848,3462.803,2770.242,976.435,198.640,1821.647,0.000132,-0.016870,0,8319,20,0,20,20,25163
1711,57.0,2301,218,13,1370,931,0,0,947,567.43,0.839,0.859,0.465,0.063,0.453,-0.723,1.621,0.3645,2.4407,0.748,0.006,0.045,0.075,-0.031,119,63,16,0,114,0,44862.92,11442.539,9597.532,1.592,4284.937,28.236,14828.164,4300.993,1707.989,2873.421,2298.737,918.601,281.648,1561.077,0.000105,-0.015697,0,7488,16,0,16,16,24302
1741,58.0,2175,249,13,1313,862,0,0,821,548.15,0.831,0.853,0.464,0.063,0.458,-0.733,1.630,0.3652,2.4433,0.750,0.007,0.053,0.076,-0.031,102,57,13,0,115,0,42375.23,10777.241,8941.599,1.117,4073.556,33.987,13959.003,3933.715,1489.247,2762.391,2209.913,745.569,174.833,1352.809,0.000118,-0.014367,0,6536,13,0,13,13,23486
1771,59.0,2080,254,13,1280,800,0,0,721,534.48,0.820,0.843,0.458,0.062,0.467,-0.738,1.634,0.3650,2.4487,0.761,0.007,0.052,0.077,-0.031,107,57,9,0,82,0,41177.70,10365.185,8984.940,0.310,3956.241,30.380,13174.513,3697.147,1280.673,2425.468,1940.374,343.288,208.271,1358.975,0.000130,-0.012898,0,6202,9,0,9,9,21911
1801,60.0,1987,247,13,1236,751,0,0,626,551.66,0.814,0.836,0.453,0.063,0.471,-0.743,1.640,0.3664,2.4515,0.764,0.004,0.055,0.079,-0.030,103,56,6,0,91,0,40142.41,10188.895,8752.227,0.445,3862.430,28.730,12634.558,3552.322,1121.122,2784.194,2227.355,463.100,368.822,1280.101,0.000142,-0.011954,0,5662,6,0,6,6,21167
1831,61.0,1934,268,13,1207,727,0,0,563,547.53,0.813,0.836,0.455,0.063,0.473,-0.752,1.645,0.3550,2.4698,0.755,0.004,0.061,0.079,-0.030,99,37,9,0,52,0,39010.50,9937.384,7886.972,0.379,3867.951,34.566,12116.606,3296.384,968.396,2153.661,1722.929,562.907,370.685,1210.934,0.000142,-0.011041,0,5470,9,0,9,9,20596
1861,62.0,1886,284,13,1178,708,0,0,489,542.40,0.811,0.836,0.451,0.064,0.474,-0.753,1.647,0.3619,2.4885,0.770,0.005,0.052,0.079,-0.031,105,44,19,0,45,0,38103.53,9786.360,8678.058,0.978,3761.483,35.999,11937.482,3248.941,861.796,2872.728,2298.183,957.055,509.710,1282.836,0.000195,-0.010179,0,5062,19,0,19,19,20563
1891,63.0,1841,301,13,1156,685,0,0,436,567.41,0.809,0.835,0.451,0.064,0.476,-0.761,1.652,0.3652,2.4792,0.765,0.005,0.054,0.078,-0.031,91,47,13,0,41,0,38416.89,9873.526,8845.232,0.823,3598.759,33.167,11593.962,3141.230,763.996,2653.326,2122.661,815.210,391.490,1169.671,0.000151,-0.007653,0,4747,13,0,13,13,19982
1921,64.0,1848,321,13,1140,708,0,0,419,584.34,0.821,0.850,0.456,0.065,0.468,-0.764,1.656,0.3553,2.4790,0.761,0.006,0.049,0.078,-0.031,95,32,10,0,34,0,40122.81,9802.331,10447.301,0.495,3925.011,34.863,11654.424,3182.887,689.905,3838.239,3070.591,491.058,606.314,1151.977,0.000194,-0.004703,0,4725,10,0,10,10,20065
1951,65.0,1863,355,13,1134,729,0,0,406,536.44,0.830,0.863,0.461,0.065,0.462,-0.769,1.659,0.3517,2.5318,0.762,0.004,0.051,0.078,-0.031,107,31,20,0,31,0,41301.84,10078.049,10648.749,1.196,4248.552,32.290,11922.815,3413.164,655.174,4494.527,3595.621,949.035,419.168,1290.706,0.000110,-0.003627,0,4965,20,0,20,20,19874
1981,66.0,1897,397,13,1125,772,0,0,385,473.12,0.843,0.884,0.468,0.067,0.452,-0.775,1.663,0.3614,2.5542,0.752,0.005,0.047,0.077,-0.030,100,32,14,0,29,0,43219.71,10260.854,11545.880,0.948,4306.777,37.530,12322.815,3536.507,628.448,5056.732,4045.385,804.109,394.106,1192.476,0.000175,-0.001474,0,4918,14,0,14,14,20945
2011,67.0,1925,427,13,1119,806,0,0,377,463.49,0.854,0.901,0.474,0.070,0.443,-0.781,1.667,0.3529,2.5808,0.760,0.003,0.051,0.076,-0.030,94,38,20,0,26,0,45944.43,10632.020,12766.092,1.321,4666.094,34.318,12764.872,3660.856,603.719,5206.170,4164.936,875.418,401.608,1327.013,0.000135,-0.000378,0,4854,20,0,20,20,21933
2041,68.0,1997,433,13,1120,877,0,0,369,427.91,0.871,0.927,0.483,0.073,0.428,-0.786,1.670,0.3579,2.6027,0.756,0.006,0.052,0.074,-0.029,101,24,27,0,19,0,48800.54,11062.023,13697.426,1.452,4637.833,32.494,13267.927,3810.014,591.748,6558.801,5247.041,998.139,646.602,1278.601,0.000162,0.000287,0,4858,27,0,27,27,23042
2071,69.0,2051,421,13,1112,939,0,0,360,451.78,0.889,0.951,0.490,0.076,0.415,-0.794,1.673,0.3545,2.6204,0.757,0.006,0.049,0.072,-0.029,96,39,17,0,36,0,52717.25,11498.513,16066.793,1.195,5532.885,32.875,14127.963,4329.805,576.527,6805.172,5444.138,975.324,886.629,1392.498,0.000163,-0.001027,0,5668,17,0,17,17,24020
2101,70.0,2119,448,13,1119,1000,0,0,358,478.33,0.905,0.975,0.499,0.078,0.405,-0.800,1.678,0.3562,2.6632,0.756,0.006,0.052,0.072,-0.030,105,33,25,0,33,0,56820.59,11999.808,16978.489,1.594,5801.598,26.899,14793.862,4537.003,564.459,7391.498,5913.199,1233.221,769.262,1500.446,0.000136,-0.001118,0,5619,25,0,25,25,26034
2131,71.0,2255,445,13,1132,1123,0,0,358,378.24,0.934,1.011,0.521,0.083,0.387,-0.805,1.679,0.3549,2.6558,0.763,0.007,0.053,0.070,-0.030,102,28,35,0,21,0,62326.21,12894.155,20090.322,1.440,6329.412,26.137,16029.936,5097.449,562.577,10373.260,8298.608,1418.975,707.611,1589.104,0.000144,0.001099,0,5962,35,0,35,35,27425
2161,72.0,2378,388,13,1142,1236,0,0,373,305.71,0.958,1.043,0.528,0.086,0.372,-0.811,1.682,0.3558,2.6870,0.749,0.009,0.050,0.068,-0.028,92,38,42,0,21,0,68513.99,13613.480,23119.295,1.946,6956.358,25.702,17572.707,5771.993,584.536,10616.076,8492.861,1630.825,1076.945,1786.719,0.000208,0.002872,0,6477,42,0,42,42,30472
2191,73.0,2521,382,13,1159,1362,0,0,394,274.61,0.981,1.073,0.538,0.088,0.358,-0.814,1.686,0.3494,2.6929,0.740,0.006,0.042,0.067,-0.028,86,44,68,0,15,0,73793.05,14280.588,25204.025,3.158,7224.548,24.321,19000.576,6283.557,609.469,12694.220,10155.376,2926.540,977.278,1872.452,0.000158,0.004057,0,7149,68,0,68,68,32372
2221,74.0,2666,361,13,1174,1492,0,0,417,253.29,1.000,1.099,0.543,0.091,0.344,-0.817,1.688,0.3548,2.7127,0.737,0.010,0.038,0.066,-0.026,102,44,56,0,27,0,79085.77,15320.062,26215.285,2.489,8053.347,20.915,20601.399,6867.645,650.128,12723.518,10178.814,2470.426,1134.279,1976.529,0.000143,0.003522,0,7878,56,0,56,56,34797
2251,75.0,2813,339,13,1190,1623,0,0,486,224.46,1.018,1.125,0.543,0.094,0.332,-0.820,1.693,0.3499,2.7437,0.728,0.009,0.036,0.065,-0.026,81,64,70,0,16,0,83360.17,15874.269,28029.217,3.452,9549.690,20.957,22214.334,7718.399,721.690,14060.476,11248.381,3001.660,844.785,2319.574,0.000129,0.003043,0,8595,70,0,70,70,37103
2281,76.0,2922,349,13,1210,1712,0,0,527,228.30,1.029,1.138,0.544,0.096,0.325,-0.821,1.693,0.3529,2.7527,0.717,0.005,0.032,0.064,-0.026,87,64,96,0,28,0,87094.76,16478.525,30129.942,5.250,9187.577,18.452,23592.977,8257.809,818.129,14051.271,11241.017,4252.963,759.429,2387.570,0.000227,0.002314,0,9279,96,0,96,96,39192
2311,77.0,3063,340,13,1212,1851,0,0,573,292.67,1.051,1.165,0.553,0.099,0.312,-0.825,1.696,0.3492,2.7559,0.742,0.003,0.032,0.063,-0.028,77,63,74,0,41,0,94456.36,17541.703,33748.974,3.294,10405.640,19.425,24872.442,8833.551,900.733,15405.214,12324.171,2886.511,879.563,2478.526,0.000206,0.001323,0,9846,74,0,74,74,40796
2341,78.0,3201,288,13,1211,1990,0,0,646,231.04,1.075,1.192,0.564,0.101,0.300,-0.829,1.696,0.3478,2.7564,0.728,0.007,0.029,0.062,-0.028,88,60,112,0,44,0,100079.24,18365.819,36398.726,4.545,10791.866,17.472,26700.755,9724.466,997.249,17348.122,13878.498,4535.642,1092.082,2626.389,0.000229,-0.000574,0,10182,112,0,112,112,43488
2371,79.0,3347,311,13,1220,2127,0,0,702,244.40,1.093,1.212,0.577,0.103,0.291,-0.831,1.700,0.3522,2.7353,0.720,0.004,0.027,0.061,-0.029,72,56,107,0,45,0,104450.71,18838.316,37133.040,5.433,11168.762,19.943,28535.768,10396.096,1137.525,17200.602,13760.481,4412.018,1045.698,2638.092,0.000162,-0.000117,0,10916,107,0,107,107,45948
2401,80.0,3441,292,13,1228,2213,0,0,791,215.88,1.103,1.225,0.583,0.105,0.286,-0.836,1.703,0.3441,2.7470,0.730,0.003,0.026,0.061,-0.028,82,69,145,0,54,0,106924.96,19680.686,38614.823,7.233,11365.797,16.393,30176.545,10690.096,1283.204,17516.197,14012.958,6469.933,859.268,2846.208,0.000153,-0.000022,0,11842,145,0,145,145,47556
2431,81.0,3525,316,13,1226,2299,0,0,896,271.35,1.115,1.237,0.589,0.106,0.279,-0.836,1.706,0.3491,2.7414,0.730,0.007,0.026,0.060,-0.026,67,86,139,0,64,0,111364.52,20410.079,41679.249,5.701,12182.202,14.816,31223.438,11176.560,1463.944,18219.454,14575.564,6141.054,1055.183,2951.405,0.000168,-0.001897,0,12378,139,0,139,139,48876
2461,82.0,3622,279,13,1233,2389,0,0,1062,212.09,1.126,1.246,0.594,0.108,0.274,-0.837,1.711,0.3446,2.7313,0.719,0.002,0.024,0.060,-0.025,79,78,122,0,86,0,115612.34,20984.295,42398.540,4.635,13065.799,14.116,32440.199,11775.589,1717.509,18566.935,14853.548,5441.296,1058.262,2993.409,0.000326,-0.004020,0,12693,122,0,122,122,49864
2491,83.0,3683,248,13,1229,2454,0,0,1160,245.60,1.138,1.257,0.605,0.112,0.269,-0.840,1.719,0.3446,2.7246,0.716,0.003,0.022,0.060,-0.025,65,85,178,0,98,0,118113.26,21237.971,45135.910,7.883,12972.988,11.793,33389.753,12038.033,1940.991,20765.734,16612.588,8406.819,772.123,3179.975,0.000199,-0.004977,0,13057,178,0,178,178,51592
2521,84.0,3779,275,13,1228,2551,0,0,1268,264.17,1.152,1.271,0.609,0.114,0.263,-0.842,1.722,0.3460,2.7305,0.717,0.003,0.022,0.059,-0.025,76,66,174,0,94,0,121988.65,21710.089,46775.157,7.952,13247.351,13.256,34461.918,12544.728,2144.556,21184.716,16947.773,7682.473,423.361,3123.826,0.000158,-0.003485,0,13430,174,0,174,174,52255
2551,85.0,3863,239,13,1223,2640,0,0,1419,250.87,1.167,1.286,0.616,0.114,0.257,-0.846,1.723,0.3385,2.7140,0.708,0.004,0.021,0.058,-0.026,73,72,178,0,108,0,124591.73,22091.702,47981.069,8.154,13161.260,13.872,36135.605,13037.042,2370.517,21868.153,17494.523,7831.889,639.258,3089.903,0.000190,-0.003447,0,13482,178,0,178,178,55010
2581,86.0,3912,233,13,1212,2700,0,0,1492,251.59,1.177,1.294,0.626,0.114,0.252,-0.850,1.726,0.3417,2.6998,0.707,0.006,0.020,0.058,-0.026,65,65,146,0,144,0,127503.29,22024.964,48315.669,8.387,13582.026,15.250,37108.397,13301.416,2607.498,20089.902,16071.922,6798.137,674.543,2929.492,0.000218,-0.002119,0,13705,146,0,145,145,56686
2611,87.0,3995,223,13,1210,2785,0,0,1652,243.35,1.187,1.304,0.639,0.116,0.248,-0.854,1.729,0.3424,2.6975,0.704,0.007,0.019,0.057,-0.025,57,64,150,0,128,0,131146.89,22336.662,50112.746,5.084,13125.313,11.164,38288.141,13579.761,2799.301,21119.546,16895.637,6541.945,548.921,2828.905,0.000253,-0.002895,0,14224,150,0,150,150,57916
2641,88.0,4032,207,13,1205,2827,0,0,1741,296.77,1.197,1.311,0.651,0.118,0.245,-0.856,1.732,0.3409,2.6915,0.722,0.007,0.021,0.057,-0.024,56,52,161,0,177,0,133428.09,22790.882,50931.339,6.258,13847.951,11.961,39212.271,13870.204,3028.442,21138.535,16910.828,7255.672,836.131,3016.849,0.000227,-0.003224,0,14563,161,0,161,161,58620
2671,89.0,4066,214,13,1206,2860,0,0,1811,237.42,1.206,1.315,0.660,0.119,0.243,-0.857,1.732,0.3371,2.6880,0.720,0.008,0.020,0.057,-0.023,62,72,141,0,160,0,135478.16,23334.863,49928.280,8.962,13750.531,10.840,40053.293,14154.906,3123.504,20261.266,16209.013,6470.903,551.301,2815.892,0.000296,-0.004574,0,14723,141,0,138,138,59077
2701,90.0,4151,190,22,1219,2932,0,0,1925,248.65,1.215,1.322,0.670,0.119,0.241,-0.859,1.735,0.3343,2.6902,0.699,0.009,0.018,0.056,-0.023,55,62,132,0,156,0,136624.89,23047.445,51245.194,3.521,13777.309,12.022,41227.825,14655.343,3276.609,21590.298,17272.238,6428.201,512.454,2730.931,0.000307,-0.005858,0,15023,132,0,132,132,60200
2731,91.0,4128,210,22,1220,2908,0,0,2012,261.40,1.217,1.320,0.676,0.121,0.243,-0.861,1.737,0.3292,2.6598,0.709,0.011,0.020,0.057,-0.023,60,58,143,0,193,0,136329.55,23216.205,51080.823,2.528,13923.587,12.961,41915.020,14735.600,3477.941,18471.122,14776.898,7153.351,813.735,2805.026,0.000198,-0.007536,0,15232,143,0,143,143,60617
2761,92.0,4081,222,22,1226,2855,0,0,2055,289.08,1.218,1.317,0.677,0.121,0.246,-0.863,1.744,0.3361,2.6497,0.703,0.007,0.020,0.058,-0.023,53,57,189,0,215,0,136355.75,23119.883,53015.807,3.561,13548.003,13.774,41730.607,14547.057,3580.028,20652.292,16521.834,8390.820,907.571,2826.508,0.000219,-0.007665,0,14952,189,0,189,189,59938
2791,93.0,4023,192,22,1217,2806,0,0,2065,279.35,1.222,1.317,0.674,0.121,0.248,-0.865,1.752,0.3348,2.6568,0.706,0.012,0.022,0.059,-0.024,61,58,204,0,216,0,136543.77,22837.543,54145.707,3.866,13083.940,12.945,41491.703,14521.987,3632.670,21263.749,17011.000,9049.330,1018.313,2832.346,0.000246,-0.004256,0,14550,204,0,204,204,60007
2821,94.0,4018,195,22,1233,2785,0,0,2059,254.32,1.225,1.314,0.681,0.122,0.252,-0.867,1.759,0.3313,2.6335,0.696,0.011,0.022,0.059,-0.024,68,54,209,0,182,0,133795.88,22805.267,51075.923,4.290,13360.919,13.007,41215.174,14062.614,3616.610,21940.672,17552.538,9468.185,907.277,2975.382,0.000205,-0.002140,0,14717,209,0,209,209,58341
2851,95.0,3875,231,22,1228,2647,0,0,1941,254.77,1.218,1.301,0.689,0.123,0.259,-0.868,1.765,0.3288,2.6185,0.684,0.008,0.024,0.059,-0.024,64,48,237,0,232,0,128292.85,22438.622,48056.282,5.355,12908.242,14.507,40575.747,13508.422,3459.060,18629.525,14903.620,10770.086,995.295,2968.763,0.000133,-0.001546,0,14390,237,0,237,237,56835
2881,96.0,3825,232,22,1230,2595,0,0,1904,290.88,1.216,1.295,0.695,0.123,0.262,-0.871,1.772,0.3312,2.5849,0.697,0.006,0.025,0.060,-0.023,49,45,214,0,211,0,125836.17,22414.624,48775.112,4.183,13191.410,11.523,39982.938,13116.576,3363.931,21180.300,16944.240,9194.146,917.353,2839.601,0.000162,-0.000679,0,14145,214,0,214,214,55470
2911,97.0,3793,227,22,1225,2568,0,0,1857,289.20,1.216,1.293,0.698,0.124,0.263,-0.872,1.780,0.3264,2.5922,0.696,0.009,0.022,0.060,-0.022,56,63,198,0,168,0,124014.84,21962.562,49028.367,5.055,12732.069,12.194,39514.614,13003.572,3266.298,20156.020,16124.816,9240.400,1005.142,2756.084,0.000358,0.000263,0,13996,198,0,198,198,54740
2941,98.0,3734,201,22,1216,2518,0,0,1830,354.09,1.217,1.292,0.700,0.124,0.265,-0.875,1.786,0.3274,2.5827,0.695,0.009,0.020,0.061,-0.023,77,70,174,0,185,0,123143.70,21561.096,47826.603,5.633,12377.807,14.657,38919.131,12726.910,3208.167,18549.686,14839.749,8552.086,635.637,2512.599,0.000215,-0.001122,0,13720,174,0,174,174,53632
2971,99.0,3687,218,22,1202,2485,0,0,1775,306.07,1.223,1.293,0.700,0.124,0.265,-0.878,1.790,0.3268,2.5837,0.693,0.006,0.021,0.061,-0.023,74,56,158,0,179,0,121215.93,20568.570,45701.109,4.310,11382.916,14.048,38788.759,12783.506,3159.449,17704.625,14163.701,7210.621,540.286,2178.215,0.000244,-0.005467,0,13221,158,0,158,158,54519
3001,100.0,3622,240,22,1207,2415,0,0,1750,283.11,1.219,1.284,0.710,0.125,0.270,-0.879,1.799,0.3239,2.5695,0.691,0.008,0.023,0.062,-0.023,75,62,178,0,162,0,116105.33,20015.105,42924.617,7.075,11021.955,15.729,38329.917,12396.798,3085.173,16954.438,13563.550,7875.977,731.233,2247.407,0.000244,-0.007203,0,13308,178,0,176,176,53159
3031,101.0,3478,218,22,1178,2300,0,0,1712,346.42,1.216,1.278,0.715,0.124,0.274,-0.881,1.803,0.3232,2.5762,0.707,0.004,0.021,0.063,-0.023,57,74,198,1,198,0,108949.13,19436.888,41089.553,4.172,10644.683,17.120,37262.881,11777.165,3034.651,16613.422,13290.738,9181.539,850.786,2257.102,0.000153,-0.006551,0,12364,198,0,198,198,52322
3061,102.0,3339,209,22,1157,2182,0,0,1594,340.48,1.211,1.268,0.726,0.124,0.278,-0.881,1.812,0.3188,2.5623,0.713,0.005,0.020,0.063,-0.021,70,76,169,0,194,0,104471.24,18711.170,40254.478,5.381,9989.721,13.370,35808.221,11223.311,2890.895,15324.165,12259.332,7647.317,733.331,2081.011,0.000168,-0.004788,0,12006,169,0,169,169,50166
3091,103.0,3226,208,22,1141,2085,0,0,1480,344.38,1.207,1.260,0.737,0.125,0.283,-0.881,1.822,0.3200,2.5543,0.692,0.004,0.019,0.064,-0.021,67,76,132,0,183,0,99945.66,17691.096,37419.339,3.495,9470.547,14.712,34554.346,10750.276,2676.324,14159.151,11327.321,6322.269,679.168,1825.304,0.000258,-0.004174,0,11159,132,0,132,132,48964
3121,104.0,3085,216,22,1105,1980,0,0,1382,370.70,1.205,1.255,0.746,0.126,0.286,-0.883,1.830,0.3223,2.5530,0.706,0.005,0.018,0.064,-0.021,75,73,125,1,179,0,96096.40,16568.724,36092.455,2.767,8706.184,13.731,33353.570,10182.629,2502.611,12172.355,9737.884,5769.308,707.126,1563.489,0.000289,-0.006697,0,10665,125,0,125,125,47352
3151,105.0,2963,204,22,1075,1888,0,0,1269,454.96,1.202,1.250,0.752,0.127,0.289,-0.886,1.842,0.3148,2.5314,0.707,0.005,0.018,0.065,-0.021,80,73,107,2,167,0,90835.23,15681.460,32302.280,2.128,7721.741,15.890,31872.512,9698.476,2337.784,11570.926,9256.741,5164.140,381.337,1478.601,0.000186,-0.008877,0,10225,107,0,107,107,44882
3181,106.0,2812,221,22,1061,1751,0,0,1173,336.87,1.190,1.232,0.758,0.129,0.300,-0.887,1.838,0.3173,2.5193,0.715,0.003,0.014,0.065,-0.021,66,81,141,1,146,0,83538.09,14959.931,29379.334,4.707,7360.944,17.812,30495.823,9026.688,2124.415,11007.980,8806.384,5976.845,258.017,1557.727,0.000198,-0.008390,0,9564,141,0,140,140,43042
3211,107.0,2654,219,22,1036,1618,0,0,1063,345.98,1.183,1.215,0.756,0.129,0.308,-0.888,1.843,0.3151,2.4975,0.719,0.003,0.016,0.067,-0.021,53,86,116,1,141,0,80115.55,14110.892,29849.762,4.353,6989.523,14.196,28738.717,8385.426,1942.854,9668.302,7734.642,4630.126,422.029,1334.741,0.000204,-0.006509,0,8825,116,0,115,115,41295
3241,108.0,2519,235,22,994,1525,0,0,973,430.38,1.181,1.209,0.758,0.128,0.311,-0.890,1.848,0.3096,2.5111,0.732,0.006,0.016,0.067,-0.021,54,80,105,0,121,0,75134.81,13187.448,26904.751,1.793,6394.999,14.975,27194.750,7925.004,1751.624,8853.336,7082.669,4598.952,631.031,1202.698,0.000214,-0.005444,0,8471,105,0,105,105,38518
3271,109.0,2416,255,22,971,1445,0,0,900,429.10,1.175,1.200,0.765,0.127,0.316,-0.892,1.850,0.3128,2.5004,0.732,0.003,0.021,0.068,-0.020,67,80,83,0,111,0,69775.48,12380.541,24203.565,1.384,5606.898,14.792,25897.359,7438.771,1613.370,8797.652,7038.122,3829.874,361.244,1044.677,0.000153,-0.004941,0,7580,83,0,83,83,37120
3301,110.0,2270,241,22,929,1341,0,0,799,467.42,1.166,1.190,0.772,0.126,0.321,-0.894,1.852,0.3133,2.4990,0.738,0.003,0.022,0.069,-0.021,63,80,67,0,127,0,65871.55,11517.654,23128.710,0.893,5014.915,16.503,24582.507,6983.653,1448.233,6610.445,5288.356,2960.622,424.527,829.548,0.000147,-0.005023,0,6931,67,0,67,67,35959
3331,111.0,2146,204,22,881,1265,0,0,701,568.69,1.166,1.189,0.778,0.127,0.322,-0.896,1.864,0.3025,2.4827,0.749,0.003,0.020,0.069,-0.021,62,95,52,0,109,0,61545.21,10373.545,21443.298,0.977,4602.773,16.078,23202.134,6454.576,1288.934,6760.586,5408.469,2691.034,391.584,763.794,0.000214,-0.003113,0,6288,52,0,52,52,34506
3361,112.0,2036,230,22,842,1194,0,0,636,520.49,1.165,1.184,0.777,0.127,0.324,-0.897,1.873,0.2982,2.4741,0.746,0.005,0.019,0.070,-0.021,65,93,50,0,85,0,55888.42,9506.141,18619.918,0.759,4070.634,15.124,21927.938,5996.712,1112.062,6225.192,4980.154,2463.693,314.422,723.745,0.000187,-0.001427,0,5535,50,0,50,50,33224
3391,113.0,1857,237,22,799,1058,0,0,523,461.29,1.149,1.160,0.781,0.125,0.336,-0.895,1.884,0.2961,2.4545,0.761,0.001,0.016,0.071,-0.022,72,114,61,0,97,0,49274.72,8916.916,15634.455,2.842,3463.679,16.318,20356.157,5394.388,962.412,4719.602,3775.682,2530.806,327.533,652.691,0.000114,-0.000826,0,4949,61,0,60,60,30981
3421,114.0,1730,216,22,760,970,0,0,441,571.96,1.147,1.150,0.778,0.125,0.343,-0.897,1.885,0.2939,2.4361,0.775,0.004,0.025,0.072,-0.023,69,115,26,0,86,0,46301.76,8103.471,16157.426,0.569,3068.055,14.953,18549.404,4906.646,789.184,5264.286,4211.429,1211.860,289.830,434.652,0.000170,0.000100,0,4315,26,0,26,26,28274
3451,115.0,1598,228,22,732,866,0,0,386,522.59,1.128,1.128,0.781,0.123,0.355,-0.898,1.889,0.2980,2.4573,0.784,0.001,0.020,0.074,-0.024,63,98,47,0,60,0,42082.50,7688.680,14037.906,1.081,3055.750,14.368,17287.122,4496.488,666.153,3803.437,3042.749,1937.804,250.269,548.409,0.000155,0.001294,0,3827,47,0,47,47,26616
3481,116.0,1505,257,22,694,811,0,0,327,516.77,1.126,1.126,0.788,0.123,0.357,-0.900,1.907,0.2980,2.4513,0.771,0.004,0.022,0.074,-0.025,59,103,31,1,44,0,38984.61,7103.983,13299.987,0.681,2936.893,14.250,15973.896,4124.889,575.094,4543.093,3634.475,1156.024,324.514,439.502,0.000094,0.001309,0,3488,31,0,31,31,24735
3511,117.0,1379,284,22,649,730,0,0,271,625.02,1.117,1.112,0.790,0.120,0.364,-0.900,1.916,0.2942,2.4343,0.756,0.002,0.022,0.075,-0.025,60,105,33,0,52,0,35981.21,6449.077,12309.254,0.899,2326.645,15.702,14855.871,3777.782,464.657,3305.572,2644.458,1402.005,204.287,396.905,0.000155,0.000974,0,3128,33,0,33,33,23374
3541,118.0,1307,248,22,615,692,0,0,217,668.90,1.115,1.114,0.794,0.120,0.365,-0.902,1.919,0.2956,2.4440,0.780,0.002,0.020,0.074,-0.025,54,83,20,1,40,0,34851.51,6001.665,12387.375,0.508,2168.216,15.499,13826.863,3465.775,376.435,3694.964,2955.971,673.365,113.048,324.778,0.000149,0.002273,0,2732,20,0,20,20,22074
3571,119.0,1269,256,22,589,680,0,0,178,615.27,1.122,1.129,0.791,0.121,0.361,-0.903,1.918,0.2883,2.4840,0.792,0.002,0.021,0.074,-0.025,57,86,15,0,22,0,33339.27,5765.033,11570.756,0.192,1900.310,14.420,13358.667,3398.163,299.027,4395.476,3516.381,490.594,132.756,289.917,0.000110,0.003667,0,2686,15,0,15,15,21278
3601,120.0,1228,235,22,567,661,0,0,152,624.92,1.128,1.133,0.794,0.122,0.359,-0.904,1.922,0.2930,2.4804,0.769,0.004,0.021,0.074,-0.027,66,82,16,1,19,0,32096.24,5492.956,11706.386,0.624,1968.203,16.503,12963.188,3399.041,251.437,3988.934,3191.147,527.465,234.198,269.886,0.000147,0.005376,0,2546,16,0,16,16,20996
3631,121.0,1148,267,22,542,606,0,0,124,585.05,1.117,1.120,0.793,0.121,0.367,-0.903,1.931,0.2845,2.5217,0.768,0.002,0.026,0.076,-0.027,69,101,13,1,22,0,30651.89,5259.506,10715.882,0.389,1580.798,14.843,12462.726,3210.501,210.664,2941.319,2353.056,435.908,309.014,203.049,0.000096,0.005443,0,2114,13,0,13,13,20462
3661,122.0,1107,275,22,517,590,0,0,114,614.37,1.124,1.128,0.801,0.121,0.364,-0.903,1.939,0.2872,2.4666,0.789,0.002,0.024,0.075,-0.028,54,78,17,0,13,0,30126.64,5140.240,11074.381,0.383,1486.346,13.682,11785.243,3051.639,171.825,3540.805,2832.644,613.105,184.092,226.186,0.000134,0.005376,0,1931,17,0,17,17,19194
3691,123.0,1071,299,22,494,577,0,0,105,612.36,1.134,1.139,0.794,0.122,0.361,-0.905,1.942,0.2856,2.5085,0.787,0.004,0.021,0.074,-0.027,56,71,8,1,16,0,30736.17,4997.778,11492.024,0.329,1426.402,13.072,11513.556,2974.154,165.848,3174.046,2539.237,263.791,160.140,168.308,0.000145,0.006515,0,1910,8,0,8,8,18491
3721,124.0,1080,317,22,482,598,0,0,82,582.72,1.154,1.160,0.792,0.124,0.351,-0.907,1.951,0.2826,2.4698,0.782,0.002,0.028,0.073,-0.026,63,52,13,1,9,0,31222.18,5013.983,12049.320,0.350,1752.128,16.537,11590.914,3000.979,134.819,4412.603,3530.082,528.350,205.412,234.646,0.000178,0.007723,0,1864,13,0,13,13,18773
3751,125.0,1071,301,22,469,602,0,0,64,565.17,1.160,1.174,0.792,0.124,0.345,-0.906,1.961,0.2802,2.5071,0.775,0.006,0.025,0.073,-0.027,57,76,14,4,8,0,33054.26,4998.363,13677.049,0.397,1825.986,15.517,11609.524,3133.566,101.617,4849.074,3879.259,614.512,166.998,247.700,0.000100,0.008171,0,1866,14,0,14,14,18740
3781,126.0,1105,336,22,463,642,0,0,57,493.82,1.185,1.203,0.790,0.129,0.332,-0.907,1.965,0.2833,2.5248,0.760,0.002,0.022,0.072,-0.028,60,48,23,1,6,0,34359.06,4966.215,14164.786,0.391,1758.546,13.645,11941.553,3281.843,86.598,5837.333,4669.867,923.898,156.098,269.133,0.000104,0.008367,0,1801,23,0,23,23,19265
3811,127.0,1162,340,22,447,715,0,0,46,493.37,1.223,1.252,0.792,0.135,0.309,-0.906,1.966,0.2839,2.5524,0.765,0.002,0.024,0.069,-0.028,59,49,10,2,12,0,37474.95,4996.157,16918.577,0.178,2071.065,16.117,12683.729,3575.226,69.302,6908.957,5527.165,468.013,318.603,302.364,0.000122,0.007629,0,1825,10,0,10,10,20313
3841,128.0,1235,302,22,444,791,0,0,40,430.89,1.252,1.290,0.785,0.139,0.293,-0.906,1.964,0.2809,2.5584,0.782,0.005,0.027,0.067,-0.031,69,51,10,0,6,0,40897.71,5145.636,18496.052,0.158,1940.411,13.582,13632.020,3867.514,59.700,7432.198,5945.759,443.710,496.931,232.762,0.000102,0.007061,0,2035,10,0,10,10,21819
3871,129.0,1309,318,22,442,867,0,0,38,411.35,1.281,1.320,0.784,0.143,0.278,-0.908,1.967,0.2874,2.5591,0.782,0.002,0.023,0.065,-0.034,75,58,7,0,3,0,44732.79,5552.102,19977.819,0.101,2157.838,11.913,14849.553,4380.525,51.708,7554.475,6043.580,254.153,412.667,235.454,0.000166,0.007514,0,2155,7,0,7,7,23923
3901,130.0,1391,283,22,440,951,0,0,34,278.06,1.308,1.352,0.783,0.146,0.264,-0.909,1.958,0.2824,2.5351,0.777,0.007,0.026,0.063,-0.036,75,70,10,1,6,0,48287.84,5747.819,21924.711,0.311,2255.883,13.766,16181.922,4893.164,48.329,8952.661,7162.129,436.100,516.534,251.204,0.000167,0.006924,0,2180,10,0,10,10,25764
3931,131.0,1457,276,22,440,1017,0,0,36,319.25,1.330,1.378,0.782,0.150,0.254,-0.911,1.957,0.2809,2.5521,0.758,0.005,0.020,0.062,-0.039,75,79,26,4,2,0,50993.96,5884.496,23331.648,0.686,2387.991,14.554,17313.013,5196.445,49.713,9340.958,7472.767,1168.077,590.250,325.020,0.000166,0.007888,0,2276,26,0,26,26,27554
3961,132.0,1524,304,22,447,1077,0,0,37,253.75,1.342,1.396,0.781,0.150,0.248,-0.913,1.957,0.2790,2.5415,0.760,0.004,0.017,0.062,-0.038,73,102,25,1,1,0,54275.24,6175.871,24789.864,0.713,2527.859,15.382,18347.866,5450.193,50.527,10300.650,8240.520,1045.461,404.594,326.395,0.000134,0.007750,0,2332,25,0,25,25,28490
3991,133.0,1616,291,22,454,1162,0,0,38,233.62,1.355,1.417,0.783,0.154,0.240,-0.913,1.946,0.2801,2.5480,0.773,0.009,0.022,0.061,-0.037,73,96,19,0,3,0,59739.84,6645.459,28000.343,0.443,2715.923,12.574,19409.880,5824.847,57.829,10886.510,8709.208,754.926,631.572,325.293,0.000120,0.008000,0,2423,19,0,19,19,29604
4021,134.0,1735,278,22,456,1279,0,0,42,245.51,1.374,1.446,0.784,0.157,0.229,-0.913,1.948,0.2834,2.5756,0.777,0.011,0.021,0.059,-0.039,80,79,34,0,3,0,63961.94,7074.811,29863.361,0.519,3359.209,10.324,21158.078,6582.705,64.156,12397.013,9917.610,1343.548,654.506,434.195,0.000184,0.008778,0,2757,34,0,34,34,31989
4051,135.0,1818,227,22,467,1351,0,0,39,295.22,1.386,1.462,0.789,0.157,0.224,-0.913,1.947,0.2839,2.5677,0.750,0.019,0.018,0.059,-0.042,68,102,48,3,4,0,69393.36,7437.794,33014.537,0.736,3477.796,11.441,22527.873,7144.197,61.047,12606.116,10084.893,1850.963,436.902,479.444,0.000333,0.009799,0,3078,48,0,48,48,33888
4081,136.0,1929,253,22,480,1449,0,0,47,221.91,1.401,1.474,0.788,0.160,0.219,-0.912,1.944,0.2827,2.5622,0.740,0.015,0.017,0.058,-0.044,68,90,56,0,3,0,73232.54,7812.076,33359.292,0.715,3836.940,10.503,24082.536,7717.235,67.084,13711.800,10969.440,1965.277,222.331,536.075,0.000219,0.008518,0,3180,56,0,56,56,36002
4111,137.0,2028,223,22,489,1539,0,0,47,212.21,1.415,1.488,0.786,0.161,0.214,-0.914,1.936,0.2856,2.5808,0.728,0.014,0.016,0.058,-0.048,75,86,65,1,12,0,77708.28,8276.886,37095.737,0.778,3650.827,11.797,25604.624,8134.350,73.884,13954.624,11163.699,2993.644,671.612,628.623,0.000184,0.008311,0,3144,65,0,65,65,38053
4141,138.0,2137,211,22,505,1632,0,0,45,165.35,1.427,1.498,0.783,0.163,0.211,-0.915,1.941,0.2868,2.5633,0.732,0.020,0.017,0.058,-0.051,59,125,64,0,9,0,82893.12,8842.888,39291.728,0.701,4382.414,12.563,27062.229,8592.386,72.117,16217.536,12974.029,2581.802,778.624,619.810,0.000218,0.008950,0,3502,64,0,64,64,39653
4171,139.0,2273,194,22,531,1742,0,0,46,210.01,1.434,1.504,0.788,0.165,0.209,-0.914,1.936,0.2822,2.5713,0.706,0.019,0.017,0.058,-0.053,67,117,69,1,5,0,88217.19,9238.645,42106.124,0.809,4657.791,10.801,28986.874,8937.472,73.322,17088.894,13671.115,3190.483,723.930,691.652,0.000260,0.009300,0,4032,69,0,69,69,42018
4201,140.0,2351,195,23,553,1798,0,0,46,194.51,1.435,1.502,0.794,0.164,0.211,-0.914,1.932,0.2843,2.5574,0.714,0.024,0.017,0.059,-0.054,52,145,100,1,8,0,92906.84,9961.218,44034.495,1.309,4532.732,11.427,30484.980,9363.665,73.001,17524.039,14019.231,4575.610,461.070,844.236,0.000175,0.008936,0,4000,100,0,100,100,44187
4231,141.0,2467,178,23,576,1891,0,0,45,199.37,1.441,1.508,0.797,0.165,0.209,-0.913,1.938,0.2851,2.5452,0.687,0.017,0.020,0.059,-0.054,61,125,113,1,8,0,97675.10,10563.582,46522.302,1.404,5440.682,8.864,32056.939,9914.102,76.215,19110.704,15288.563,4673.106,867.820,908.705,0.000214,0.009288,0,4294,113,0,113,113,45958
4261,142.0,2574,142,23,604,1970,0,0,49,223.37,1.443,1.507,0.804,0.165,0.209,-0.913,1.931,0.2859,2.5447,0.672,0.013,0.017,0.059,-0.053,55,151,122,1,5,0,102072.98,10997.344,48864.944,1.535,5525.899,9.939,33682.499,10575.672,81.939,20361.397,16289.118,5191.385,833.379,1028.789,0.000196,0.009455,0,4489,122,0,122,122,48115
4291,143.0,2654,153,23,623,2031,0,0,55,169.62,1.451,1.505,0.809,0.166,0.208,-0.912,1.933,0.2830,2.5405,0.651,0.013,0.017,0.059,-0.054,63,147,142,0,7,0,105635.14,11236.717,49385.213,1.500,5362.199,9.583,34944.999,11019.703,82.829,20105.805,16084.644,5416.099,594.167,982.317,0.000145,0.009839,0,4832,142,0,142,142,49073
4321,144.0,2787,143,23,642,2145,0,0,59,162.76,1.465,1.510,0.809,0.167,0.204,-0.913,1.931,0.2793,2.5203,0.656,0.012,0.016,0.058,-0.054,61,148,109,2,11,0,108346.73,11802.262,50530.323,1.602,6536.668,12.455,36770.381,11596.946,94.481,21661.812,17329.450,5080.134,742.372,1005.921,0.000201,0.009756,0,5136,109,0,109,109,50489
4351,145.0,2839,163,22,665,2174,0,0,70,182.22,1.464,1.504,0.816,0.168,0.206,-0.913,1.922,0.2807,2.5041,0.649,0.015,0.015,0.058,-0.055,58,154,150,0,9,0,110831.09,12361.203,52097.387,1.779,6285.746,12.218,38280.083,11986.045,111.185,19488.163,15590.531,6219.587,349.170,1132.313,0.000214,0.009936,0,5250,150,0,150,150,51739
4381,146.0,2882,122,22,692,2190,0,0,75,173.13,1.463,1.494,0.825,0.167,0.209,-0.912,1.916,0.2840,2.5168,0.652,0.017,0.016,0.060,-0.057,61,184,156,0,13,0,114116.70,12929.266,53969.932,1.885,6266.920,13.557,38708.040,11840.581,122.754,21276.018,17020.814,6626.486,839.154,1223.253,0.000224,0.009264,0,5056,156,0,156,156,51859
4411,147.0,2984,135,22,711,2273,0,0,77,244.24,1.469,1.496,0.830,0.168,0.207,-0.910,1.910,0.2798,2.4842,0.658,0.017,0.017,0.059,-0.058,51,169,125,2,13,0,118977.20,13597.384,54473.541,10.629,6445.014,9.664,39868.009,12136.328,123.063,22058.501,17646.801,4774.843,875.506,1031.609,0.000190,0.008522,0,5320,125,0,119,119,52832
4441,148.0,3026,114,22,737,2289,0,0,95,179.20,1.465,1.489,0.838,0.167,0.210,-0.911,1.906,0.2771,2.4998,0.641,0.012,0.017,0.060,-0.057,56,176,171,0,8,0,121116.94,13955.807,55250.609,25.158,6266.014,9.595,41011.175,12347.945,132.767,21108.043,16886.434,7372.027,779.655,1226.655,0.000218,0.007453,0,5241,171,0,160,160,53760
4471,149.0,3108,125,22,772,2336,0,0,113,203.74,1.462,1.482,0.848,0.167,0.213,-0.910,1.900,0.2807,2.4751,0.638,0.013,0.017,0.061,-0.058,46,179,140,0,14,0,123789.30,14595.239,55361.036,41.348,6991.696,9.202,41831.077,12322.291,163.161,22136.469,17709.175,6292.509,1160.962,1127.958,0.000189,0.007442,0,5609,140,0,118,118,53977
4501,150.0,3176,128,22,814,2362,0,0,140,190.57,1.460,1.469,0.859,0.166,0.218,-0.910,1.886,0.2769,2.4547,0.633,0.015,0.016,0.062,-0.058,55,191,167,0,16,0,125232.58,15036.218,56108.268,28.709,6819.519,10.921,42955.537,12640.055,189.374,23440.036,18752.029,6973.834,1032.561,1250.550,0.000268,0.007038,0,5654,167,0,149,149,54884
4531,151.0,3214,110,22,848,2366,0,0,158,222.16,1.453,1.459,0.868,0.167,0.222,-0.911,1.878,0.2785,2.4339,0.617,0.015,0.017,0.062,-0.056,62,212,143,2,16,0,127517.31,15347.324,56291.755,32.906,6924.517,14.520,43806.712,12854.349,226.741,21768.835,17415.068,6355.720,601.311,1188.654,0.000261,0.009315,0,5638,143,0,124,124,55669
4561,152.0,3230,123,22,873,2357,0,0,186,222.10,1.449,1.450,0.874,0.165,0.226,-0.910,1.877,0.2791,2.4423,0.623,0.013,0.018,0.063,-0.056,59,211,141,3,21,0,128313.91,15583.391,54910.500,42.588,7159.465,10.816,44050.301,12982.246,259.383,21011.940,16809.552,6470.369,642.970,1132.225,0.000236,0.010575,0,5496,141,0,120,120,55126
4591,153.0,3300,146,22,914,2386,0,0,214,216.34,1.445,1.442,0.882,0.165,0.230,-0.910,1.872,0.2737,2.4263,0.592,0.014,0.014,0.064,-0.055,65,187,134,0,30,0,128390.59,15899.331,54443.446,19.576,7154.271,13.828,44639.578,12830.047,296.963,22340.595,17872.476,6112.065,748.685,1190.226,0.000333,0.012821,0,5604,134,0,126,126,55063
4621,154.0,3370,114,22,945,2425,0,0,253,260.22,1.445,1.436,0.889,0.167,0.233,-0.911,1.867,0.2721,2.4224,0.601,0.017,0.015,0.064,-0.056,62,185,116,3,27,0,130178.36,15944.369,55309.887,21.930,7282.995,13.889,45404.642,12944.839,345.147,21418.850,17135.080,4929.626,576.673,1003.718,0.000316,0.015575,0,5861,116,0,104,104,55642
4651,155.0,3366,108,22,965,2401,0,0,305,251.12,1.442,1.427,0.899,0.168,0.236,-0.912,1.858,0.2718,2.4418,0.617,0.011,0.014,0.064,-0.055,68,225,133,4,35,0,130413.19,16236.626,54917.717,44.188,6386.370,12.534,45876.707,13132.070,420.010,20942.625,16754.100,5737.897,533.957,1074.535,0.000305,0.017081,0,5584,133,0,109,109,55734
4681,156.0,3355,102,22,1003,2352,0,0,377,218.53,1.431,1.408,0.910,0.166,0.244,-0.913,1.852,0.2753,2.4056,0.610,0.013,0.015,0.066,-0.054,71,178,145,0,51,0,128477.86,16716.560,52598.269,73.710,6226.037,13.629,45801.494,12828.763,540.168,19177.257,15341.806,6617.177,582.007,1118.807,0.000229,0.016439,0,5872,145,0,102,102,54642
4711,157.0,3342,92,22,1038,2304,0,0,466,302.14,1.421,1.391,0.923,0.165,0.252,-0.913,1.839,0.2709,2.3960,0.614,0.012,0.016,0.067,-0.054,62,203,111,4,46,0,127293.25,16704.951,50900.622,30.677,6048.914,15.916,45506.752,12495.506,685.240,18306.012,14644.810,4772.374,593.249,1106.542,0.000191,0.017281,0,5706,111,0,93,93,53695
4741,158.0,3283,91,22,1056,2227,0,0,527,272.27,1.410,1.373,0.937,0.165,0.259,-0.912,1.832,0.2676,2.3778,0.615,0.019,0.015,0.069,-0.052,70,178,130,2,73,0,125807.71,16941.730,49302.544,47.771,6509.780,14.246,44616.251,12015.070,832.623,17186.779,13749.423,5314.953,494.316,1067.015,0.000223,0.017223,0,5778,130,0,95,95,52609
4771,159.0,3253,114,22,1084,2169,0,0,597,297.74,1.399,1.357,0.952,0.165,0.266,-0.913,1.819,0.2679,2.3799,0.610,0.017,0.014,0.069,-0.051,77,168,131,3,77,0,122449.63,16623.241,48020.409,62.873,6708.891,15.886,44109.420,11659.078,950.904,18249.681,14599.745,5976.009,617.879,1101.376,0.000179,0.017091,0,5724,131,0,96,96,51979
4801,160.0,3179,99,24,1098,2081,0,0,684,319.30,1.389,1.340,0.967,0.164,0.274,-0.915,1.818,0.2727,2.3740,0.612,0.015,0.013,0.071,-0.050,50,177,146,4,70,0,118397.95,16387.235,46856.251,50.754,6543.794,15.728,42959.832,11160.301,1104.730,17124.224,13699.379,6746.651,838.810,1110.748,0.000177,0.016225,0,5331,146,0,113,113,49929
4831,161.0,3095,110,24,1100,1995,0,0,765,348.49,1.382,1.324,0.977,0.164,0.281,-0.915,1.812,0.2701,2.3923,0.615,0.009,0.014,0.072,-0.048,53,160,115,5,97,0,113645.22,15974.142,43494.308,45.037,6014.777,13.540,42084.863,10915.207,1264.874,15682.593,12546.075,5248.354,515.273,1101.131,0.000301,0.015853,0,5119,115,0,85,85,49068
4861,162.0,2975,103,24,1098,1877,0,0,805,358.22,1.369,1.305,0.989,0.163,0.290,-0.915,1.806,0.2648,2.3625,0.637,0.013,0.017,0.073,-0.046,77,142,140,4,97,0,108934.08,15746.438,42988.632,79.795,5261.005,17.180,40413.387,10482.497,1379.047,13902.610,11122.088,6766.273,512.425,1191.858,0.000220,0.017226,0,4900,140,0,96,96,47228
4891,163.0,2867,109,24,1085,1782,0,0,820,319.30,1.359,1.293,0.996,0.163,0.296,-0.915,1.812,0.2704,2.3552,0.657,0.013,0.013,0.074,-0.045,78,136,125,3,97,0,103623.81,15628.259,39119.424,72.245,4384.244,17.476,38457.239,9769.686,1415.957,13527.101,10821.681,6245.047,441.773,1095.074,0.000232,0.018097,0,4296,125,0,86,86,45005
4921,164.0,2785,135,24,1094,1691,0,0,839,350.54,1.344,1.273,1.012,0.161,0.305,-0.913,1.804,0.2672,2.3425,0.641,0.013,0.015,0.076,-0.042,79,129,89,1,110,0,99976.20,15284.149,37192.077,50.631,4547.519,19.993,37010.107,9168.181,1451.324,12861.124,10288.899,4403.519,741.540,827.566,0.000196,0.018065,0,4090,89,0,59,59,43158
4951,165.0,2656,116,24,1084,1572,0,0,873,366.06,1.331,1.253,1.026,0.161,0.315,-0.912,1.796,0.2654,2.3423,0.650,0.014,0.017,0.077,-0.039,65,138,102,3,99,0,95440.60,14703.645,35149.323,75.604,3748.713,20.960,35568.773,8583.346,1482.616,11226.994,8981.595,5116.643,616.282,851.118,0.000157,0.017831,0,3708,102,0,59,59,41989
4981,166.0,2571,114,24,1067,1504,0,0,907,442.80,1.326,1.247,1.036,0.159,0.320,-0.913,1.792,0.2670,2.3722,0.656,0.011,0.016,0.078,-0.039,80,117,81,7,86,0,90782.32,13914.963,32504.373,68.271,3863.339,18.997,33981.507,8076.264,1574.246,10760.898,8608.719,4274.940,380.621,706.129,0.000174,0.018416,0,3490,81,0,43,43,39977
