tick,sim_second,organisms,food,species,plants,foragers,predators,infected,avg_lifespan,avg_body_size,avg_speed,avg_armor,avg_attack,avg_photo,avg_disease_resistance,avg_symbiosis_rate,symbiotic_pairs,deaths_starvation,deaths_predation,deaths_old_age,deaths_disease,deaths_event
31,1.0,602,7128,0,182,323,97,1,15.70,0.916,0.847,0.210,0.193,0.212,0.102,0.016,54,0,23,0,0,0
61,2.0,861,5575,0,201,485,175,1,24.77,0.997,0.928,0.186,0.260,0.172,0.102,0.037,74,0,48,0,0,0
91,3.0,1329,3473,0,214,811,304,2,26.89,1.077,1.020,0.153,0.329,0.133,0.101,0.050,77,0,107,0,0,0
121,4.0,1680,1765,0,228,1074,378,8,39.28,1.119,1.062,0.140,0.341,0.117,0.099,0.058,106,9,187,0,0,0
151,5.0,1770,964,322,243,1175,352,10,78.12,1.150,1.072,0.134,0.298,0.115,0.097,0.059,82,65,121,0,0,0
181,6.0,1691,382,322,252,1161,278,9,101.78,1.162,1.075,0.128,0.239,0.120,0.095,0.062,94,149,118,0,2,0
211,7.0,1525,204,322,267,1055,203,5,118.03,1.152,1.058,0.119,0.199,0.133,0.093,0.060,67,186,83,0,3,0
241,8.0,1361,256,322,287,915,159,8,142.86,1.128,1.033,0.118,0.170,0.154,0.093,0.059,72,186,71,0,1,0
271,9.0,1212,361,322,300,777,135,10,152.94,1.100,1.008,0.119,0.159,0.175,0.094,0.057,54,167,60,0,2,0
301,10.0,1191,400,201,346,729,116,12,178.77,1.067,0.975,0.114,0.139,0.201,0.096,0.056,63,112,49,0,2,0
331,11.0,1214,448,201,415,684,115,12,185.43,1.036,0.934,0.110,0.136,0.232,0.098,0.053,66,89,59,0,1,0
361,12.0,1296,486,201,509,688,99,14,190.88,1.004,0.893,0.103,0.120,0.264,0.101,0.056,69,83,65,0,0,0
391,13.0,1506,506,201,699,710,97,11,194.01,0.964,0.842,0.096,0.109,0.309,0.104,0.056,89,53,75,0,3,0
421,14.0,1864,461,201,974,791,99,13,171.07,0.932,0.798,0.092,0.098,0.345,0.108,0.056,120,45,102,0,0,0
451,15.0,2000,489,146,1166,741,93,14,158.70,0.892,0.745,0.092,0.085,0.383,0.111,0.053,131,42,112,0,0,0
481,16.0,2000,586,146,1229,688,83,14,164.74,0.872,0.714,0.092,0.075,0.402,0.113,0.051,149,40,109,0,2,0
511,17.0,2000,639,146,1280,650,70,18,162.35,0.861,0.688,0.092,0.065,0.419,0.114,0.050,173,41,118,0,0,0
541,18.0,2000,722,146,1313,625,62,29,195.79,0.853,0.674,0.091,0.061,0.430,0.114,0.049,147,35,106,0,0,0
571,19.0,2000,781,146,1356,586,58,35,210.36,0.840,0.656,0.091,0.059,0.443,0.114,0.047,150,20,104,0,0,0
601,20.0,2000,830,117,1382,561,57,44,202.13,0.833,0.648,0.091,0.060,0.450,0.115,0.045,147,15,108,0,1,0
631,21.0,2000,897,117,1414,529,57,58,220.74,0.825,0.633,0.093,0.060,0.461,0.115,0.043,168,14,78,0,0,0
661,22.0,2000,928,117,1427,516,57,73,237.49,0.820,0.627,0.094,0.059,0.464,0.115,0.043,155,6,42,0,1,0
691,23.0,2000,971,117,1444,503,53,75,270.47,0.816,0.622,0.094,0.056,0.469,0.116,0.042,142,5,78,0,3,0
721,24.0,2000,1076,117,1466,482,52,88,283.16,0.811,0.613,0.093,0.057,0.477,0.116,0.040,150,6,81,0,3,0
751,25.0,2000,1103,110,1478,470,52,112,300.49,0.807,0.607,0.093,0.058,0.481,0.116,0.040,160,4,78,0,1,0
781,26.0,2000,1138,110,1493,455,52,128,309.95,0.802,0.601,0.094,0.059,0.485,0.117,0.040,154,4,77,0,0,0
811,27.0,2000,1158,110,1504,443,53,148,342.67,0.797,0.597,0.097,0.060,0.488,0.117,0.039,134,2,70,0,2,0
841,28.0,2000,1209,110,1520,429,51,167,387.42,0.793,0.590,0.098,0.059,0.493,0.118,0.037,148,3,80,0,3,0
871,29.0,2000,1187,110,1520,429,51,203,379.76,0.792,0.591,0.101,0.060,0.492,0.118,0.037,136,1,58,0,0,0
901,30.0,2000,1219,102,1526,423,51,214,380.11,0.788,0.589,0.102,0.059,0.493,0.118,0.036,130,0,62,0,8,0
931,31.0,2000,1247,102,1531,413,56,244,365.48,0.784,0.586,0.103,0.061,0.495,0.118,0.036,133,1,56,0,6,0
961,32.0,2000,1176,102,1539,405,56,275,398.37,0.783,0.583,0.104,0.061,0.497,0.118,0.036,136,1,57,0,2,0
991,33.0,2000,1255,102,1540,401,59,286,413.52,0.783,0.583,0.105,0.063,0.497,0.118,0.036,128,2,54,0,9,0
1021,34.0,2000,1315,102,1549,392,59,311,442.04,0.782,0.580,0.106,0.064,0.500,0.119,0.036,119,1,65,0,3,0
1051,35.0,2000,1288,94,1556,382,62,341,420.57,0.779,0.576,0.105,0.066,0.502,0.118,0.036,123,1,78,0,1,0
1081,36.0,2000,1331,94,1571,369,60,341,446.18,0.774,0.571,0.107,0.065,0.507,0.119,0.036,128,2,74,0,8,0
1111,37.0,2000,1386,94,1573,366,61,369,449.38,0.774,0.570,0.108,0.065,0.508,0.119,0.036,129,1,39,0,9,0
1141,38.0,2000,1291,94,1573,363,64,387,488.97,0.773,0.570,0.109,0.065,0.508,0.119,0.036,145,0,42,0,8,0
1171,39.0,2000,1238,94,1570,362,68,405,514.98,0.773,0.573,0.108,0.066,0.507,0.118,0.035,114,1,62,0,10,0
1201,40.0,2000,1180,81,1586,349,65,427,532.98,0.768,0.569,0.107,0.065,0.512,0.119,0.035,122,2,58,0,9,0
1231,41.0,2000,1170,81,1596,345,59,457,534.05,0.764,0.568,0.107,0.062,0.514,0.118,0.034,125,5,51,0,6,0
1261,42.0,2000,1128,81,1607,337,56,488,549.85,0.759,0.564,0.107,0.061,0.517,0.118,0.034,104,2,50,0,6,0
1291,43.0,2000,1059,81,1612,332,56,523,553.45,0.758,0.562,0.108,0.063,0.518,0.118,0.034,131,1,61,0,18,0
1321,44.0,2000,951,81,1618,326,56,547,552.95,0.755,0.559,0.108,0.062,0.520,0.118,0.035,130,2,50,0,14,0
1351,45.0,2000,888,76,1631,312,57,588,567.70,0.750,0.556,0.110,0.060,0.523,0.119,0.036,136,1,48,0,15,0
1381,46.0,2000,892,76,1638,305,57,589,604.08,0.747,0.552,0.112,0.061,0.526,0.119,0.037,140,0,71,0,5,0
1411,47.0,2000,941,76,1650,291,59,619,607.41,0.742,0.548,0.112,0.061,0.529,0.119,0.037,146,1,55,0,13,0
1441,48.0,2000,852,76,1653,290,57,608,587.34,0.741,0.548,0.111,0.060,0.530,0.119,0.037,144,2,58,0,6,0
1471,49.0,2000,791,76,1657,291,52,604,578.53,0.740,0.549,0.111,0.060,0.531,0.119,0.037,158,3,56,0,8,0
1501,50.0,2000,694,72,1665,284,51,607,607.60,0.738,0.546,0.112,0.059,0.533,0.119,0.037,146,3,43,0,7,0
1531,51.0,2000,612,72,1672,275,53,579,634.61,0.735,0.542,0.114,0.060,0.535,0.119,0.037,145,3,53,0,11,0
1561,52.0,2000,597,72,1687,264,49,578,674.41,0.729,0.536,0.114,0.061,0.540,0.120,0.038,136,2,56,0,5,0
1591,53.0,2000,581,72,1693,258,49,574,677.91,0.727,0.533,0.114,0.061,0.542,0.120,0.038,149,2,45,0,14,0
1621,54.0,2000,513,72,1698,253,49,565,705.59,0.724,0.531,0.113,0.061,0.544,0.120,0.037,131,2,52,0,17,0
1651,55.0,2000,486,70,1703,247,50,590,696.90,0.722,0.530,0.113,0.061,0.545,0.120,0.037,141,2,64,0,9,0
1681,56.0,2000,460,70,1713,239,48,563,714.45,0.719,0.523,0.113,0.062,0.548,0.120,0.037,149,1,58,0,10,0
1711,57.0,2000,472,70,1720,232,48,539,706.73,0.716,0.518,0.112,0.062,0.550,0.120,0.038,137,2,57,0,7,0
1741,58.0,2000,438,70,1735,218,47,544,776.43,0.709,0.512,0.114,0.063,0.554,0.121,0.038,144,8,59,0,9,0
1771,59.0,2000,462,70,1746,208,46,529,794.61,0.706,0.505,0.114,0.062,0.558,0.121,0.038,144,5,73,0,9,0
1801,60.0,2000,443,67,1770,188,42,518,767.66,0.696,0.495,0.114,0.060,0.565,0.121,0.038,171,7,66,0,14,0
1831,61.0,2000,442,67,1781,184,35,505,717.98,0.693,0.491,0.115,0.056,0.568,0.121,0.038,144,6,50,0,9,0
1861,62.0,2000,472,67,1791,175,34,500,777.51,0.689,0.486,0.116,0.055,0.571,0.122,0.037,166,5,69,0,10,0
1891,63.0,2000,487,67,1802,164,34,486,766.54,0.682,0.482,0.119,0.057,0.573,0.122,0.036,165,8,59,0,14,0
1921,64.0,2000,533,67,1813,153,34,500,732.51,0.678,0.476,0.120,0.056,0.576,0.122,0.036,184,2,45,0,12,0
1951,65.0,2000,555,60,1825,146,29,501,755.08,0.674,0.472,0.119,0.055,0.580,0.122,0.036,177,5,45,0,9,0
1981,66.0,2000,599,60,1834,139,27,514,765.60,0.671,0.469,0.119,0.055,0.582,0.122,0.037,152,7,47,0,10,0
2011,67.0,2000,690,60,1843,131,26,506,823.17,0.668,0.464,0.120,0.052,0.586,0.123,0.036,169,4,45,0,10,0
2041,68.0,2000,780,60,1850,124,26,523,771.06,0.665,0.460,0.121,0.051,0.587,0.123,0.036,163,3,25,0,8,0
2071,69.0,2000,868,60,1854,120,26,530,741.88,0.662,0.457,0.122,0.048,0.588,0.123,0.037,178,2,55,0,7,0
2101,70.0,2000,947,55,1859,116,25,538,711.20,0.661,0.455,0.123,0.049,0.591,0.124,0.037,149,2,44,0,14,0
2131,71.0,2000,1021,55,1863,112,25,530,719.85,0.659,0.452,0.123,0.049,0.593,0.124,0.037,165,0,53,0,12,0
2161,72.0,2000,1146,55,1865,111,24,503,760.12,0.658,0.451,0.124,0.048,0.593,0.124,0.036,168,2,54,0,13,0
2191,73.0,2000,1281,55,1867,109,24,493,804.60,0.657,0.450,0.125,0.046,0.593,0.124,0.036,167,1,46,0,9,0
2221,74.0,2000,1428,55,1871,106,23,508,878.77,0.656,0.447,0.126,0.043,0.595,0.125,0.035,166,1,34,0,8,0
2251,75.0,2000,1537,52,1874,105,21,481,877.07,0.657,0.445,0.126,0.043,0.597,0.125,0.036,152,0,48,0,8,0
2281,76.0,2000,1732,52,1879,102,19,476,837.11,0.656,0.443,0.127,0.041,0.599,0.125,0.036,171,0,40,0,9,0
2311,77.0,2000,1840,52,1878,104,18,490,821.07,0.657,0.441,0.126,0.041,0.599,0.126,0.035,169,0,37,0,7,0
2341,78.0,2000,1955,52,1877,105,18,481,780.40,0.658,0.442,0.125,0.041,0.599,0.126,0.035,154,2,44,0,8,0
2371,79.0,2000,1946,52,1877,106,17,486,818.87,0.659,0.441,0.126,0.040,0.600,0.126,0.035,160,0,48,0,4,0
2401,80.0,2000,1987,49,1872,112,16,489,840.78,0.662,0.444,0.125,0.040,0.598,0.126,0.035,152,0,32,0,3,0
2431,81.0,2000,2026,49,1873,112,15,492,863.03,0.662,0.442,0.125,0.041,0.599,0.126,0.034,160,1,37,0,4,0
2461,82.0,2000,2125,49,1860,125,15,487,817.84,0.668,0.445,0.124,0.041,0.595,0.127,0.034,160,0,44,0,11,0
2491,83.0,2000,2220,49,1858,128,14,470,780.23,0.670,0.446,0.125,0.041,0.594,0.127,0.033,156,0,44,0,7,0
2521,84.0,2000,2355,49,1863,124,13,468,724.07,0.667,0.445,0.124,0.040,0.596,0.127,0.034,161,2,56,0,8,0
2551,85.0,2000,2474,47,1869,118,13,452,765.69,0.666,0.442,0.123,0.039,0.598,0.127,0.034,162,1,46,0,13,0
2581,86.0,2000,2650,47,1874,113,13,442,764.08,0.665,0.440,0.122,0.040,0.600,0.127,0.034,159,0,36,0,8,0
2611,87.0,2000,2757,47,1879,109,12,439,807.91,0.663,0.438,0.124,0.040,0.601,0.128,0.034,159,1,43,0,10,0
2641,88.0,2000,2809,47,1882,106,12,450,834.98,0.662,0.437,0.125,0.040,0.602,0.128,0.034,167,0,35,0,6,0
2671,89.0,2000,2908,47,1885,103,12,458,869.41,0.660,0.436,0.126,0.040,0.603,0.128,0.034,188,0,40,0,6,0
2701,90.0,2000,3032,45,1888,101,11,453,893.74,0.660,0.434,0.125,0.040,0.604,0.129,0.033,161,0,47,0,7,0
2731,91.0,2000,3088,45,1887,102,11,437,891.44,0.659,0.433,0.127,0.040,0.604,0.129,0.034,164,0,47,0,8,0
2761,92.0,2000,3078,45,1887,102,11,454,929.12,0.659,0.432,0.130,0.040,0.604,0.129,0.034,178,0,39,0,3,0
2791,93.0,2000,3045,45,1886,103,11,440,904.62,0.660,0.432,0.130,0.040,0.603,0.129,0.033,157,0,39,0,10,0
2821,94.0,2000,3025,45,1889,100,11,429,932.50,0.658,0.430,0.133,0.040,0.604,0.129,0.033,157,2,36,0,10,0
2851,95.0,2000,3043,44,1890,99,11,417,961.37,0.658,0.430,0.133,0.040,0.605,0.129,0.033,179,0,29,0,9,0
2881,96.0,2000,2943,44,1893,96,11,428,954.71,0.657,0.428,0.134,0.040,0.606,0.129,0.033,183,1,37,0,4,0
2911,97.0,2000,2864,44,1887,102,11,423,976.60,0.659,0.430,0.134,0.039,0.604,0.129,0.033,180,0,29,0,6,0
2941,98.0,2000,2681,44,1883,106,11,423,969.86,0.661,0.431,0.134,0.039,0.603,0.129,0.033,170,0,24,0,6,0
2971,99.0,2000,2779,44,1882,108,10,412,1027.07,0.661,0.431,0.134,0.039,0.604,0.129,0.033,190,0,21,0,7,0
3001,100.0,2000,2599,42,1882,108,10,399,1011.22,0.661,0.430,0.134,0.039,0.604,0.129,0.033,175,0,19,0,6,0
3031,101.0,2000,2468,42,1883,105,12,397,1017.97,0.662,0.430,0.134,0.039,0.604,0.129,0.033,160,2,29,0,4,0
3061,102.0,2000,2436,42,1883,103,14,387,1042.98,0.663,0.429,0.134,0.040,0.605,0.130,0.033,167,0,32,0,4,0
3091,103.0,2000,2389,42,1882,103,15,372,1047.74,0.663,0.429,0.134,0.040,0.604,0.130,0.033,166,0,17,0,3,0
3121,104.0,2000,2359,42,1879,104,17,357,1037.23,0.664,0.430,0.134,0.041,0.604,0.130,0.034,178,0,19,0,4,0
3151,105.0,2000,2258,42,1883,100,17,358,1072.43,0.663,0.428,0.134,0.041,0.605,0.130,0.034,181,1,22,0,5,0
3181,106.0,2000,2136,42,1884,99,17,374,1048.79,0.663,0.427,0.134,0.040,0.606,0.130,0.034,158,0,32,0,4,0
3211,107.0,2000,1970,42,1880,103,17,378,1050.10,0.664,0.429,0.133,0.041,0.605,0.130,0.034,174,0,25,0,3,0
3241,108.0,2000,1904,42,1880,104,16,391,1046.17,0.664,0.429,0.134,0.040,0.605,0.130,0.034,156,0,30,0,7,0
3271,109.0,2000,1650,42,1880,104,16,399,1048.79,0.664,0.429,0.133,0.040,0.605,0.130,0.034,192,0,21,0,6,0
3301,110.0,2000,1500,44,1880,104,16,392,1058.69,0.664,0.428,0.133,0.040,0.605,0.130,0.034,209,0,19,0,7,0
3331,111.0,2000,1352,44,1881,103,16,420,1085.44,0.664,0.427,0.133,0.041,0.605,0.130,0.035,188,0,25,0,7,0
3361,112.0,2000,1273,44,1881,104,15,424,1097.97,0.664,0.427,0.135,0.040,0.606,0.130,0.035,166,0,32,0,6,0
3391,113.0,2000,1164,44,1883,101,16,429,1048.63,0.663,0.427,0.134,0.039,0.606,0.130,0.035,186,0,21,0,9,0
3421,114.0,2000,1132,44,1885,99,16,424,1112.09,0.663,0.425,0.136,0.040,0.607,0.130,0.035,175,0,22,1,2,0
3451,115.0,2000,1070,42,1886,98,16,423,1153.62,0.663,0.426,0.135,0.039,0.607,0.130,0.034,148,0,24,1,5,0
3481,116.0,2000,982,42,1889,96,15,425,1197.04,0.662,0.424,0.136,0.039,0.607,0.130,0.034,180,0,20,0,10,0
3511,117.0,2000,882,42,1891,94,15,426,1239.04,0.661,0.424,0.136,0.039,0.608,0.131,0.034,146,0,23,1,6,0
3541,118.0,2000,804,42,1893,93,14,411,1204.11,0.660,0.423,0.136,0.039,0.609,0.130,0.034,160,1,26,1,6,0
3571,119.0,2000,750,42,1895,91,14,408,1231.56,0.659,0.422,0.137,0.039,0.609,0.130,0.034,160,0,26,2,7,0
3601,120.0,2000,672,41,1898,88,14,413,1290.58,0.658,0.420,0.136,0.039,0.611,0.130,0.035,174,1,15,3,3,0
3631,121.0,2000,685,41,1899,88,13,424,1277.45,0.658,0.420,0.136,0.039,0.611,0.130,0.035,180,0,17,0,6,0
3661,122.0,2000,682,41,1904,83,13,415,1302.30,0.656,0.418,0.135,0.039,0.612,0.130,0.035,182,1,32,1,4,0
3691,123.0,2000,690,41,1906,81,13,433,1262.73,0.656,0.416,0.136,0.039,0.613,0.130,0.035,191,0,24,0,4,0
3721,124.0,2000,727,41,1907,80,13,424,1259.76,0.655,0.415,0.137,0.040,0.614,0.131,0.035,185,0,15,0,7,0
3751,125.0,2000,774,42,1911,76,13,440,1276.96,0.653,0.413,0.136,0.039,0.615,0.131,0.035,175,2,19,1,4,0
3781,126.0,2000,820,42,1914,73,13,443,1327.88,0.652,0.411,0.136,0.039,0.616,0.131,0.035,185,3,15,0,11,0
3811,127.0,2000,892,42,1915,72,13,448,1336.39,0.651,0.410,0.135,0.039,0.616,0.131,0.036,167,0,17,0,6,0
3841,128.0,2000,971,42,1919,69,12,462,1363.54,0.650,0.408,0.134,0.039,0.618,0.131,0.036,177,0,13,3,9,0
3871,129.0,2000,1042,42,1921,68,11,458,1352.61,0.650,0.407,0.135,0.038,0.619,0.131,0.036,171,0,19,1,5,0
3901,130.0,2000,1177,42,1922,67,11,473,1335.10,0.650,0.406,0.134,0.039,0.619,0.131,0.035,187,0,22,0,7,0
3931,131.0,2000,1309,42,1925,64,11,490,1370.60,0.649,0.406,0.134,0.039,0.620,0.131,0.035,186,0,17,2,8,0
3961,132.0,2000,1387,42,1925,64,11,514,1396.50,0.649,0.406,0.135,0.039,0.621,0.131,0.035,180,0,22,1,5,0
3991,133.0,2000,1471,42,1925,64,11,537,1438.77,0.650,0.406,0.138,0.039,0.621,0.131,0.035,168,1,19,0,9,0
4021,134.0,2000,1617,42,1925,63,12,544,1453.28,0.649,0.405,0.137,0.039,0.621,0.132,0.035,185,0,16,2,8,0
4051,135.0,2000,1745,40,1928,61,11,551,1434.37,0.648,0.404,0.139,0.039,0.622,0.131,0.036,189,0,14,0,4,0
4081,136.0,2000,1831,40,1930,59,11,552,1447.43,0.647,0.403,0.138,0.039,0.623,0.131,0.036,182,0,14,1,10,0
4111,137.0,2000,2008,40,1930,59,11,524,1533.52,0.647,0.403,0.139,0.039,0.623,0.131,0.036,186,0,21,1,6,0
4141,138.0,2000,2221,40,1933,56,11,523,1595.79,0.647,0.403,0.142,0.039,0.624,0.132,0.036,174,0,26,1,12,0
4171,139.0,2000,2301,40,1934,55,11,531,1557.85,0.646,0.402,0.141,0.039,0.624,0.132,0.036,177,0,20,1,6,0
4201,140.0,2000,2431,38,1934,55,11,505,1573.79,0.646,0.402,0.140,0.039,0.624,0.132,0.036,179,0,19,3,6,0
4231,141.0,2000,2647,38,1932,57,11,516,1533.80,0.646,0.404,0.138,0.038,0.623,0.132,0.036,195,0,21,0,6,0
4261,142.0,2000,2724,38,1931,58,11,516,1516.05,0.646,0.404,0.139,0.039,0.623,0.132,0.037,154,0,28,2,11,0
4291,143.0,2000,2890,38,1931,58,11,520,1475.63,0.647,0.403,0.138,0.039,0.623,0.132,0.037,169,1,17,2,7,0
4321,144.0,2000,2977,38,1931,58,11,515,1523.99,0.646,0.403,0.138,0.039,0.623,0.133,0.037,173,0,18,1,4,0
4351,145.0,2000,2962,38,1932,58,10,509,1513.51,0.646,0.403,0.136,0.038,0.623,0.133,0.037,191,0,17,2,6,0
4381,146.0,2000,3105,38,1932,58,10,499,1461.97,0.646,0.403,0.135,0.038,0.623,0.133,0.037,187,0,30,0,9,0
4411,147.0,2000,3167,38,1932,58,10,505,1418.97,0.646,0.403,0.135,0.037,0.623,0.133,0.036,179,0,20,0,5,0
4441,148.0,2000,3172,38,1934,58,8,491,1502.41,0.645,0.403,0.135,0.037,0.624,0.133,0.036,177,1,18,1,5,0
4471,149.0,2000,3241,38,1934,58,8,489,1526.98,0.646,0.402,0.135,0.037,0.624,0.133,0.036,197,0,14,0,9,0
4501,150.0,2000,3305,36,1935,57,8,492,1532.64,0.645,0.402,0.134,0.037,0.624,0.133,0.036,192,1,8,1,6,0
4531,151.0,2000,3449,36,1935,57,8,504,1586.43,0.644,0.402,0.134,0.037,0.624,0.133,0.036,200,0,16,2,6,0
4561,152.0,2000,3517,36,1936,56,8,516,1531.30,0.644,0.402,0.135,0.037,0.624,0.134,0.035,203,0,18,2,4,0
4591,153.0,2000,3546,36,1937,55,8,542,1539.01,0.644,0.401,0.133,0.038,0.625,0.134,0.035,189,0,17,2,9,0
4621,154.0,2000,3576,36,1937,55,8,542,1608.35,0.644,0.402,0.132,0.038,0.625,0.134,0.035,187,0,16,1,7,0
4651,155.0,2000,3568,36,1937,55,8,548,1664.65,0.643,0.401,0.132,0.038,0.625,0.134,0.035,177,0,14,3,1,0
4681,156.0,2000,3459,36,1937,55,8,536,1671.49,0.643,0.402,0.133,0.038,0.624,0.134,0.035,183,0,15,1,4,0
4711,157.0,2000,3407,36,1936,56,8,525,1674.00,0.643,0.402,0.132,0.038,0.624,0.134,0.035,170,0,17,0,11,0
4741,158.0,2000,3392,36,1930,60,10,517,1657.09,0.645,0.403,0.134,0.039,0.623,0.134,0.036,189,0,17,1,6,0
4771,159.0,2000,3258,36,1925,61,14,498,1654.17,0.646,0.404,0.135,0.040,0.621,0.134,0.036,185,0,21,0,6,0
4801,160.0,2000,3135,37,1926,60,14,488,1653.88,0.645,0.404,0.135,0.040,0.622,0.134,0.036,180,0,12,0,6,0
4831,161.0,2000,3084,37,1927,59,14,468,1687.28,0.645,0.403,0.136,0.040,0.622,0.134,0.036,188,0,16,2,7,0
4861,162.0,2000,2965,37,1928,58,14,462,1645.40,0.644,0.402,0.136,0.039,0.622,0.134,0.036,178,0,16,0,4,0
4891,163.0,2000,2833,37,1929,57,14,473,1695.11,0.644,0.402,0.137,0.039,0.623,0.134,0.036,156,0,17,1,9,0
4921,164.0,2000,2737,37,1929,56,15,465,1754.15,0.645,0.402,0.136,0.040,0.623,0.135,0.036,182,0,20,1,7,0
4951,165.0,2000,2591,38,1924,56,20,464,1778.70,0.646,0.403,0.139,0.042,0.621,0.135,0.036,188,0,15,1,9,0
4981,166.0,2000,2459,38,1925,54,21,449,1789.51,0.645,0.403,0.140,0.043,0.622,0.135,0.037,174,0,21,1,5,0
5011,167.0,2000,2325,38,1921,55,24,436,1777.91,0.647,0.404,0.142,0.044,0.621,0.135,0.036,170,0,28,1,7,0
5041,168.0,2000,2094,38,1916,56,28,432,1776.76,0.649,0.406,0.143,0.046,0.619,0.135,0.036,179,0,25,0,11,0
5071,169.0,2000,1991,38,1911,59,30,408,1776.60,0.651,0.408,0.143,0.047,0.618,0.135,0.037,179,1,17,0,5,0
5101,170.0,2000,1856,39,1913,57,30,409,1690.48,0.650,0.407,0.144,0.046,0.619,0.135,0.037,168,0,17,2,2,0
5131,171.0,2000,1615,39,1913,55,32,402,1596.04,0.650,0.407,0.144,0.047,0.618,0.136,0.037,173,2,11,0,8,0
5161,172.0,2000,1486,39,1915,53,32,403,1606.60,0.649,0.406,0.143,0.048,0.619,0.135,0.038,168,1,25,1,2,0
5191,173.0,2000,1356,39,1915,53,32,419,1577.66,0.648,0.406,0.144,0.048,0.619,0.135,0.038,166,0,8,0,4,0
5221,174.0,2000,1269,39,1913,53,34,414,1567.56,0.649,0.407,0.144,0.049,0.618,0.136,0.038,175,0,14,0,8,0
5251,175.0,2000,1140,39,1911,54,35,427,1693.72,0.650,0.407,0.143,0.050,0.618,0.136,0.038,166,0,21,2,2,0
5281,176.0,2000,1039,39,1908,54,38,421,1747.69,0.652,0.409,0.144,0.051,0.617,0.136,0.038,162,0,23,3,9,0
5311,177.0,2000,947,39,1906,53,41,441,1742.40,0.653,0.410,0.147,0.052,0.617,0.136,0.038,157,0,19,2,4,0
5341,178.0,2000,891,39,1906,50,44,444,1797.09,0.652,0.409,0.148,0.053,0.617,0.136,0.038,191,1,17,2,7,0
5371,179.0,2000,836,39,1909,46,45,438,1917.23,0.651,0.408,0.146,0.053,0.618,0.136,0.038,155,0,13,4,8,0
5401,180.0,2000,793,39,1909,44,47,463,1908.21,0.650,0.407,0.146,0.054,0.618,0.136,0.038,175,1,20,1,6,0
5431,181.0,2000,785,39,1906,44,50,453,1925.62,0.651,0.408,0.147,0.055,0.617,0.136,0.038,176,1,26,0,7,0
5461,182.0,2000,761,39,1906,44,50,465,1829.02,0.650,0.408,0.148,0.055,0.617,0.136,0.038,162,0,11,1,6,0
5491,183.0,2000,780,39,1907,41,52,461,1775.67,0.649,0.408,0.148,0.056,0.617,0.136,0.038,161,0,20,2,10,0
5521,184.0,2000,782,39,1904,41,55,431,1821.27,0.649,0.409,0.148,0.058,0.617,0.136,0.039,162,0,12,3,8,0
5551,185.0,2000,796,39,1900,41,59,426,1764.62,0.649,0.410,0.147,0.060,0.616,0.137,0.039,169,1,17,0,9,0
5581,186.0,2000,867,39,1906,41,53,416,1663.48,0.647,0.407,0.145,0.058,0.618,0.137,0.039,173,2,33,0,5,0
5611,187.0,2000,936,39,1906,41,53,418,1676.06,0.646,0.407,0.144,0.058,0.618,0.137,0.039,188,0,15,4,3,0
5641,188.0,2000,1003,39,1906,40,54,423,1751.81,0.646,0.406,0.144,0.058,0.618,0.137,0.039,170,1,21,4,5,0
5671,189.0,2000,1055,39,1904,40,56,413,1755.76,0.647,0.407,0.145,0.060,0.617,0.137,0.039,181,0,20,2,2,0
5701,190.0,2000,1164,39,1907,38,55,402,1769.69,0.647,0.406,0.145,0.058,0.618,0.137,0.039,172,0,17,3,5,0
5731,191.0,2000,1285,39,1907,38,55,402,1794.74,0.647,0.406,0.144,0.058,0.618,0.137,0.039,173,0,16,1,6,0
5761,192.0,2000,1385,39,1908,38,54,420,1844.23,0.646,0.406,0.145,0.058,0.619,0.137,0.040,160,0,16,1,3,0
5791,193.0,2000,1598,39,1912,38,50,410,1837.80,0.645,0.404,0.145,0.056,0.620,0.137,0.040,176,1,23,1,2,0
5821,194.0,2000,1739,39,1910,38,52,388,1942.30,0.645,0.405,0.145,0.058,0.619,0.137,0.040,176,0,19,1,8,0
5851,195.0,2000,1834,38,1912,36,52,393,1908.31,0.645,0.405,0.145,0.058,0.620,0.137,0.039,182,0,11,1,0,0
5881,196.0,2000,1902,38,1909,36,55,408,2041.56,0.645,0.406,0.144,0.059,0.619,0.137,0.040,169,0,23,1,4,0
5911,197.0,2000,2041,38,1908,36,56,403,1994.90,0.645,0.406,0.144,0.059,0.619,0.138,0.040,194,0,12,2,7,0
5941,198.0,2000,2102,38,1903,35,62,397,1993.04,0.646,0.408,0.143,0.061,0.618,0.138,0.040,189,0,21,4,2,0
5971,199.0,2000,2235,38,1900,34,66,382,2007.71,0.645,0.409,0.141,0.062,0.617,0.138,0.040,172,2,15,5,4,0
6001,200.0,2000,2375,36,1901,34,65,379,2003.08,0.645,0.409,0.141,0.062,0.617,0.138,0.040,153,0,15,0,3,0
6031,201.0,2000,2488,36,1901,34,65,379,1919.80,0.645,0.409,0.139,0.062,0.617,0.138,0.040,168,0,21,1,3,0
6061,202.0,2000,2688,36,1897,34,69,367,2049.55,0.646,0.411,0.138,0.064,0.616,0.138,0.040,164,1,23,7,1,0
6091,203.0,2000,2789,36,1894,34,72,374,2120.08,0.646,0.412,0.138,0.065,0.615,0.138,0.040,173,0,16,1,1,0
6121,204.0,2000,2828,36,1891,34,75,368,2095.33,0.646,0.413,0.141,0.066,0.614,0.138,0.040,152,0,14,2,3,0
6151,205.0,2000,2925,34,1886,33,81,358,2092.18,0.647,0.415,0.140,0.068,0.613,0.139,0.041,145,1,17,5,4,0
6181,206.0,2000,2934,34,1885,33,82,366,2089.46,0.647,0.416,0.140,0.068,0.612,0.139,0.041,159,0,11,0,2,0
6211,207.0,2000,2930,34,1881,32,87,370,2050.13,0.646,0.418,0.139,0.069,0.610,0.139,0.042,177,1,25,2,2,0
6241,208.0,2000,2970,34,1878,32,90,376,2050.44,0.646,0.419,0.140,0.070,0.609,0.139,0.041,170,1,13,1,4,0
6271,209.0,2000,2980,34,1876,32,92,393,2106.52,0.647,0.420,0.139,0.071,0.609,0.139,0.041,134,1,18,0,3,0
6301,210.0,2000,3031,32,1878,32,90,389,2144.43,0.646,0.419,0.138,0.070,0.609,0.139,0.041,164,2,13,2,3,0
6331,211.0,2000,3035,32,1879,31,90,399,2091.88,0.645,0.418,0.139,0.070,0.610,0.139,0.041,145,1,13,4,6,0
6361,212.0,2000,3065,32,1877,31,92,414,2005.08,0.645,0.418,0.139,0.070,0.609,0.139,0.041,160,0,16,2,0,0
6391,213.0,2000,2881,32,1866,31,103,409,1927.24,0.647,0.423,0.140,0.073,0.606,0.140,0.042,169,0,29,3,3,0
6421,214.0,2000,2881,32,1863,30,107,386,1963.04,0.646,0.424,0.140,0.075,0.605,0.140,0.042,163,0,14,2,4,0
6451,215.0,2000,2962,32,1863,30,107,373,1996.96,0.646,0.423,0.137,0.074,0.605,0.140,0.042,153,0,21,5,6,0
6481,216.0,2000,2964,32,1866,30,104,369,2148.54,0.645,0.422,0.138,0.073,0.606,0.140,0.042,166,1,19,7,3,0
6511,217.0,2000,2918,32,1867,30,103,356,2478.17,0.645,0.421,0.136,0.073,0.606,0.140,0.042,159,0,9,16,5,0
6541,218.0,2000,2800,32,1869,30,101,355,2510.90,0.644,0.420,0.136,0.072,0.607,0.140,0.042,174,0,14,3,2,0
6571,219.0,2000,2695,32,1869,30,101,352,2574.11,0.644,0.420,0.135,0.072,0.607,0.140,0.042,157,1,12,5,5,0
6601,220.0,2000,2641,31,1871,30,99,340,2664.61,0.643,0.418,0.135,0.072,0.607,0.140,0.042,160,0,16,2,5,0
6631,221.0,2000,2535,31,1871,30,99,370,2688.44,0.643,0.418,0.134,0.071,0.607,0.140,0.042,172,0,17,4,1,0
6661,222.0,2000,2433,31,1873,29,98,380,2700.98,0.642,0.417,0.134,0.070,0.608,0.140,0.041,161,0,16,2,4,0
6691,223.0,2000,2394,31,1876,28,96,383,2711.91,0.641,0.415,0.133,0.070,0.609,0.140,0.041,155,0,26,4,2,0
6721,224.0,2000,2329,31,1879,27,94,410,2661.00,0.640,0.414,0.134,0.069,0.610,0.140,0.041,175,0,13,5,4,0
6751,225.0,2000,2191,31,1877,27,96,420,2467.17,0.640,0.415,0.134,0.069,0.609,0.140,0.041,153,0,21,4,6,0
6781,226.0,2000,2102,31,1879,26,95,424,2385.14,0.639,0.414,0.136,0.068,0.610,0.140,0.042,174,0,15,4,6,0
6811,227.0,2000,1984,31,1881,25,94,445,2297.56,0.639,0.413,0.137,0.068,0.611,0.140,0.042,166,0,11,3,5,0
6841,228.0,2000,1906,31,1882,25,93,437,2311.58,0.639,0.412,0.136,0.067,0.611,0.140,0.042,166,1,15,4,4,0
6871,229.0,2000,1820,31,1883,24,93,444,2342.60,0.638,0.412,0.136,0.067,0.611,0.140,0.042,161,0,10,2,7,0
6901,230.0,2000,1667,31,1883,24,93,453,2350.59,0.638,0.412,0.138,0.067,0.611,0.140,0.043,167,0,9,6,3,0
6931,231.0,2000,1576,31,1886,23,91,466,2414.49,0.637,0.411,0.137,0.067,0.612,0.140,0.043,170,0,9,6,4,0
6961,232.0,2000,1403,31,1886,23,91,455,2405.72,0.637,0.411,0.137,0.066,0.612,0.140,0.043,165,0,12,4,4,0
6991,233.0,2000,1271,31,1885,23,92,473,2319.67,0.637,0.411,0.138,0.066,0.612,0.140,0.043,166,0,18,4,3,0
7021,234.0,2000,1177,31,1886,23,91,473,2253.18,0.637,0.411,0.138,0.066,0.612,0.140,0.043,175,0,19,1,5,0
7051,235.0,2000,1067,30,1887,23,90,485,2236.43,0.636,0.411,0.138,0.066,0.613,0.140,0.043,169,1,14,4,7,0
7081,236.0,2000,984,30,1886,23,91,507,2161.94,0.637,0.411,0.138,0.067,0.613,0.140,0.043,175,0,15,3,5,0
7111,237.0,2000,941,30,1890,23,87,484,2143.31,0.636,0.409,0.138,0.065,0.614,0.140,0.043,164,1,12,2,6,0
7141,238.0,2000,843,30,1891,21,88,496,2096.48,0.634,0.407,0.137,0.065,0.614,0.140,0.043,173,1,19,5,3,0
7171,239.0,2000,825,30,1893,20,87,500,1978.71,0.634,0.407,0.136,0.065,0.615,0.140,0.043,167,1,12,6,6,0
7201,240.0,2000,784,30,1894,17,89,501,2126.79,0.633,0.406,0.134,0.065,0.616,0.140,0.043,163,1,25,8,4,0
7231,241.0,2000,787,30,1898,17,85,520,2177.65,0.632,0.405,0.134,0.064,0.617,0.140,0.043,177,2,9,4,9,0
7261,242.0,2000,778,30,1899,17,84,511,2180.00,0.631,0.404,0.134,0.064,0.617,0.140,0.043,178,1,17,2,13,0
7291,243.0,2000,764,30,1902,16,82,525,2186.68,0.629,0.402,0.133,0.062,0.619,0.140,0.042,150,1,12,4,7,0
7321,244.0,2000,779,30,1903,16,81,533,2177.19,0.628,0.401,0.132,0.062,0.619,0.140,0.042,185,0,6,5,7,0
7351,245.0,2000,819,30,1903,16,81,526,2320.41,0.628,0.401,0.131,0.062,0.619,0.140,0.043,167,0,13,3,3,0
7381,246.0,2000,854,30,1908,15,77,533,2276.54,0.627,0.399,0.130,0.061,0.620,0.140,0.043,182,3,18,4,3,0
7411,247.0,2000,883,30,1911,15,74,521,2159.20,0.626,0.398,0.130,0.060,0.622,0.140,0.043,161,1,24,8,7,0
7441,248.0,2000,966,30,1912,14,74,524,2229.60,0.625,0.398,0.128,0.060,0.622,0.140,0.043,154,0,16,9,4,0
7471,249.0,2000,1084,30,1914,13,73,518,2257.23,0.624,0.397,0.125,0.060,0.623,0.140,0.043,172,0,18,8,6,0
7501,250.0,2000,1201,27,1914,13,73,515,2350.00,0.623,0.396,0.125,0.059,0.623,0.140,0.043,157,0,15,4,5,0
7531,251.0,2000,1360,27,1917,12,71,530,2394.70,0.622,0.395,0.126,0.059,0.624,0.140,0.042,203,0,9,2,5,0
7561,252.0,2000,1484,27,1918,12,70,516,2392.66,0.622,0.394,0.126,0.058,0.625,0.140,0.042,160,0,13,4,3,0
7591,253.0,2000,1606,27,1917,12,71,511,2391.47,0.621,0.395,0.124,0.060,0.624,0.140,0.042,148,0,21,4,9,0
7621,254.0,2000,1729,27,1915,12,73,498,2379.67,0.621,0.395,0.124,0.060,0.624,0.140,0.042,161,0,14,8,2,0
7651,255.0,2000,1879,28,1914,12,74,489,2521.75,0.621,0.396,0.125,0.061,0.623,0.140,0.043,186,0,18,7,6,0
7681,256.0,2000,1954,28,1910,12,78,483,2581.49,0.621,0.398,0.125,0.062,0.622,0.140,0.043,148,0,16,5,4,0
7711,257.0,2000,2078,28,1912,12,76,466,2549.29,0.620,0.397,0.125,0.061,0.622,0.140,0.043,176,1,16,4,4,0
7741,258.0,2000,2240,28,1911,13,76,442,2627.78,0.620,0.398,0.125,0.061,0.622,0.140,0.043,162,2,14,8,5,0
7771,259.0,2000,2320,28,1911,13,76,432,2595.09,0.620,0.398,0.126,0.061,0.622,0.140,0.043,186,0,16,8,5,0
7801,260.0,2000,2542,26,1915,12,73,417,2575.18,0.619,0.396,0.125,0.060,0.623,0.140,0.043,165,1,14,5,6,0
7831,261.0,2000,2668,26,1917,12,71,400,2646.71,0.618,0.395,0.125,0.060,0.623,0.140,0.043,166,0,20,7,6,0
7861,262.0,2000,2793,26,1918,12,70,398,2658.10,0.618,0.394,0.126,0.060,0.624,0.140,0.043,167,0,15,10,9,0
7891,263.0,2000,2960,26,1921,12,67,390,2561.84,0.617,0.393,0.127,0.059,0.624,0.140,0.042,167,0,15,3,6,0
7921,264.0,2000,3154,26,1922,12,66,394,2695.16,0.617,0.393,0.126,0.058,0.625,0.140,0.042,177,0,12,7,3,0
7951,265.0,2000,3212,26,1923,12,65,396,2739.79,0.616,0.393,0.125,0.058,0.625,0.140,0.042,178,0,12,6,4,0
7981,266.0,2000,3363,26,1924,12,64,408,2723.24,0.617,0.392,0.125,0.058,0.626,0.140,0.042,136,0,8,5,2,0
8011,267.0,2000,3415,26,1924,12,64,414,2703.39,0.616,0.392,0.127,0.058,0.626,0.140,0.043,162,0,19,3,4,0
8041,268.0,2000,3479,26,1924,12,64,398,2677.19,0.617,0.392,0.128,0.058,0.625,0.140,0.042,161,0,20,5,6,0
8071,269.0,2000,3613,26,1924,12,64,397,2625.05,0.616,0.392,0.129,0.058,0.625,0.140,0.043,167,0,18,6,2,0
8101,270.0,2000,3641,26,1923,12,65,410,2461.54,0.617,0.392,0.129,0.058,0.625,0.140,0.043,164,0,24,1,5,0
8131,271.0,2000,3648,26,1922,12,66,417,2521.26,0.617,0.392,0.128,0.059,0.625,0.140,0.043,175,0,22,1,5,0
8161,272.0,2000,3583,26,1921,12,67,418,2313.37,0.618,0.392,0.128,0.058,0.624,0.141,0.043,170,0,23,3,7,0
8191,273.0,2000,3575,26,1921,12,67,409,2266.62,0.618,0.392,0.127,0.059,0.625,0.141,0.043,169,0,21,2,4,0
8221,274.0,2000,3603,26,1919,13,68,418,2264.64,0.618,0.392,0.126,0.059,0.624,0.141,0.044,176,0,14,5,4,0
8251,275.0,2000,3593,26,1914,13,73,416,2328.52,0.618,0.396,0.128,0.060,0.623,0.141,0.044,172,0,27,6,3,0
8281,276.0,2000,3565,26,1914,13,73,416,2310.29,0.618,0.396,0.129,0.060,0.623,0.141,0.044,149,0,24,3,4,0
8311,277.0,2000,3546,26,1912,13,75,417,2342.82,0.619,0.397,0.130,0.061,0.622,0.141,0.044,168,0,21,4,5,0
8341,278.0,2000,3482,26,1910,12,78,413,2336.04,0.619,0.398,0.130,0.062,0.622,0.141,0.044,173,0,14,4,5,0
8371,279.0,2000,3413,26,1908,12,80,427,2457.27,0.619,0.399,0.131,0.063,0.621,0.141,0.044,160,0,18,8,6,0
8401,280.0,2000,3288,26,1897,13,90,423,2308.39,0.624,0.404,0.133,0.068,0.618,0.141,0.044,196,0,32,5,6,0
8431,281.0,2000,3035,26,1888,13,99,413,2275.20,0.628,0.407,0.132,0.072,0.616,0.142,0.045,162,0,29,3,5,0
8461,282.0,2000,2942,26,1884,13,103,400,2320.16,0.629,0.409,0.133,0.073,0.615,0.142,0.046,163,0,28,8,6,0
8491,283.0,2000,2809,26,1884,13,103,381,2262.53,0.628,0.410,0.133,0.075,0.615,0.142,0.046,176,0,27,3,3,0
8521,284.0,2000,2625,26,1883,13,104,399,2211.14,0.629,0.410,0.134,0.074,0.615,0.142,0.046,165,0,32,6,0,0
8551,285.0,2000,2513,28,1881,12,107,393,2296.79,0.629,0.411,0.136,0.075,0.614,0.142,0.046,163,0,27,9,7,0
8581,286.0,2000,2392,28,1884,12,104,393,2241.26,0.629,0.409,0.135,0.074,0.615,0.142,0.046,179,0,27,4,4,0
8611,287.0,2000,2255,28,1886,13,101,403,2257.75,0.629,0.409,0.135,0.073,0.616,0.142,0.046,177,1,25,6,5,0
8641,288.0,2000,2159,28,1886,14,100,404,2234.75,0.629,0.409,0.135,0.072,0.616,0.142,0.046,193,0,20,3,4,0
8671,289.0,2000,2053,28,1883,18,99,407,2264.86,0.628,0.411,0.136,0.073,0.616,0.142,0.046,186,0,42,13,5,0
8701,290.0,2000,1851,28,1884,19,97,409,2254.46,0.628,0.410,0.135,0.073,0.616,0.142,0.046,198,0,23,5,10,0
8731,291.0,2000,1662,28,1885,19,96,410,2225.89,0.627,0.411,0.135,0.072,0.616,0.142,0.046,187,1,34,6,10,0
8761,292.0,2000,1528,28,1892,16,92,394,2312.16,0.626,0.408,0.135,0.071,0.618,0.142,0.046,164,2,17,5,5,0
8791,293.0,2000,1385,28,1896,15,89,390,2305.73,0.626,0.406,0.134,0.070,0.619,0.142,0.046,183,1,28,4,2,0
8821,294.0,2000,1292,28,1899,15,86,399,2258.00,0.625,0.405,0.133,0.069,0.621,0.142,0.046,176,0,19,6,6,0
8851,295.0,2000,1260,27,1904,13,83,408,2181.73,0.623,0.403,0.133,0.068,0.622,0.142,0.046,181,1,25,7,4,0
8881,296.0,2000,1160,27,1906,12,82,431,2133.59,0.622,0.402,0.131,0.067,0.622,0.141,0.046,181,0,19,3,8,0
8911,297.0,2000,1070,27,1908,11,81,440,2038.32,0.621,0.401,0.132,0.066,0.623,0.141,0.046,182,0,25,3,5,0
8941,298.0,2000,1005,27,1908,11,81,451,2015.78,0.620,0.401,0.133,0.066,0.622,0.141,0.047,187,0,15,3,4,0
8971,299.0,2000,933,27,1911,11,78,463,2149.74,0.619,0.399,0.133,0.065,0.623,0.141,0.047,172,0,17,9,8,0
9001,300.0,2000,896,26,1911,11,78,458,1963.44,0.620,0.399,0.133,0.065,0.623,0.141,0.046,164,0,33,3,7,0
9031,301.0,2000,848,26,1913,10,77,456,1953.62,0.619,0.398,0.130,0.065,0.624,0.141,0.046,191,0,16,7,9,0
9061,302.0,2000,805,26,1914,10,76,448,1954.99,0.619,0.398,0.130,0.065,0.625,0.141,0.046,177,0,22,3,8,0
9091,303.0,2000,811,26,1915,10,75,437,1902.25,0.617,0.398,0.130,0.064,0.625,0.141,0.046,175,0,22,2,6,0
9121,304.0,2000,814,26,1917,10,73,418,2015.98,0.617,0.398,0.130,0.064,0.626,0.141,0.047,177,0,23,4,6,0
9151,305.0,2000,852,26,1918,10,72,424,1864.34,0.616,0.398,0.128,0.064,0.626,0.141,0.047,197,0,23,2,4,0
9181,306.0,2000,917,26,1919,10,71,436,1785.59,0.616,0.398,0.127,0.063,0.626,0.141,0.046,167,1,30,1,5,0
9211,307.0,2000,983,26,1918,10,72,432,1759.24,0.616,0.398,0.127,0.063,0.626,0.141,0.046,176,1,23,2,4,0
9241,308.0,2000,1051,26,1915,10,75,436,1752.31,0.617,0.399,0.127,0.065,0.625,0.141,0.047,175,0,21,3,7,0
9271,309.0,2000,1122,26,1914,9,77,426,1844.65,0.616,0.400,0.127,0.066,0.625,0.141,0.047,179,0,17,4,6,0
9301,310.0,2000,1273,26,1918,8,74,432,1966.27,0.616,0.399,0.127,0.066,0.626,0.141,0.047,177,1,21,6,2,0
9331,311.0,2000,1360,26,1918,8,74,434,1976.08,0.617,0.399,0.126,0.065,0.626,0.141,0.047,188,0,23,4,4,0
9361,312.0,2000,1447,26,1920,8,72,436,2090.60,0.617,0.398,0.125,0.064,0.627,0.141,0.047,150,1,20,4,3,0
9391,313.0,2000,1576,26,1920,8,72,429,2209.53,0.617,0.398,0.126,0.065,0.627,0.141,0.047,200,0,18,2,3,0
9421,314.0,2000,1808,26,1919,8,73,426,2397.96,0.616,0.399,0.125,0.065,0.627,0.142,0.047,191,0,20,6,4,0
9451,315.0,2000,1936,25,1920,7,73,420,2269.11,0.615,0.400,0.125,0.065,0.627,0.142,0.047,205,0,47,10,9,0
9481,316.0,2000,2045,25,1918,7,75,410,2259.73,0.616,0.401,0.123,0.067,0.626,0.142,0.047,206,0,18,7,6,0
9511,317.0,2000,2161,25,1916,7,77,413,2193.27,0.616,0.402,0.123,0.067,0.626,0.142,0.048,198,0,20,2,5,0
9541,318.0,2000,2248,25,1910,7,83,409,2163.83,0.617,0.405,0.122,0.069,0.624,0.142,0.048,174,0,21,4,5,0
9571,319.0,2000,2355,25,1911,7,82,407,2146.45,0.616,0.405,0.122,0.069,0.624,0.142,0.048,179,2,18,6,5,0
9601,320.0,2000,2468,25,1913,6,81,415,1921.27,0.616,0.405,0.124,0.069,0.625,0.142,0.048,179,2,30,2,8,0
9631,321.0,2000,2695,25,1915,6,79,412,1892.09,0.616,0.404,0.124,0.070,0.625,0.142,0.048,174,1,21,4,11,0
9661,322.0,2000,2866,25,1916,6,78,410,1865.62,0.615,0.404,0.125,0.069,0.626,0.142,0.048,170,0,18,4,2,0
9691,323.0,2000,2978,25,1918,6,76,421,1867.62,0.614,0.404,0.127,0.068,0.627,0.142,0.048,183,0,13,2,5,0
9721,324.0,2000,3108,25,1920,5,75,434,1880.69,0.613,0.403,0.128,0.067,0.627,0.142,0.048,201,0,22,3,4,0
9751,325.0,2000,3227,25,1921,5,74,446,1829.83,0.613,0.403,0.128,0.068,0.628,0.143,0.048,178,0,26,4,4,0
9781,326.0,2000,3347,25,1920,5,75,458,1989.87,0.612,0.403,0.129,0.068,0.627,0.143,0.048,187,0,22,6,3,0
9811,327.0,2000,3448,25,1919,5,76,460,2104.15,0.612,0.404,0.129,0.068,0.627,0.143,0.048,188,0,13,6,8,0
9841,328.0,2000,3511,25,1919,5,76,454,2115.55,0.611,0.404,0.129,0.068,0.627,0.143,0.048,199,0,16,1,7,0
9871,329.0,2000,3488,25,1920,4,76,495,2146.68,0.611,0.404,0.130,0.067,0.627,0.143,0.048,170,0,24,2,6,0
9901,330.0,2000,3486,25,1921,4,75,506,2132.89,0.610,0.403,0.132,0.066,0.627,0.143,0.047,182,0,15,3,7,0
9931,331.0,2000,3460,25,1923,4,73,517,2118.42,0.609,0.401,0.133,0.065,0.628,0.143,0.047,178,0,11,3,6,0
9961,332.0,2000,3423,25,1923,4,73,492,2155.65,0.609,0.402,0.133,0.065,0.628,0.143,0.047,165,0,10,5,6,0
9991,333.0,2000,3438,25,1924,4,72,493,2197.40,0.608,0.402,0.135,0.064,0.628,0.143,0.047,170,0,16,2,4,0
10021,334.0,2000,3348,25,1925,4,71,492,2078.05,0.608,0.401,0.135,0.064,0.628,0.143,0.047,157,0,13,3,5,0
10051,335.0,2000,3319,25,1927,4,69,494,2107.98,0.607,0.400,0.134,0.064,0.629,0.143,0.046,182,0,13,5,7,0
10081,336.0,2000,3219,25,1927,4,69,483,2028.22,0.607,0.401,0.135,0.064,0.629,0.143,0.046,184,1,15,2,6,0
10111,337.0,2000,3223,25,1927,5,68,497,2003.40,0.607,0.401,0.135,0.064,0.628,0.144,0.046,167,1,15,2,5,0
10141,338.0,2000,3232,25,1920,6,74,486,2003.58,0.609,0.404,0.138,0.066,0.626,0.144,0.047,188,0,17,3,14,0
10171,339.0,2000,3163,25,1917,6,77,495,1855.81,0.609,0.405,0.138,0.067,0.626,0.144,0.047,158,0,35,2,2,0
10201,340.0,2000,3097,25,1913,6,81,492,1838.93,0.610,0.406,0.138,0.069,0.625,0.144,0.047,169,0,13,1,6,0
10231,341.0,2000,2991,25,1909,5,86,474,1728.62,0.612,0.408,0.139,0.072,0.623,0.144,0.047,177,3,24,2,6,0
10261,342.0,2000,2799,25,1910,5,85,482,1660.12,0.611,0.407,0.139,0.072,0.624,0.144,0.047,172,1,8,3,3,0
10291,343.0,2000,2695,25,1906,6,88,476,1747.26,0.612,0.409,0.141,0.073,0.622,0.145,0.048,161,1,14,3,5,0
10321,344.0,2000,2608,25,1902,6,92,480,1734.33,0.613,0.411,0.141,0.075,0.621,0.145,0.048,172,1,19,1,4,0
10351,345.0,2000,2484,25,1901,6,93,485,1752.30,0.613,0.411,0.141,0.074,0.621,0.145,0.048,179,1,24,3,7,0
10381,346.0,2000,2354,25,1895,5,100,488,1807.16,0.615,0.414,0.142,0.077,0.619,0.145,0.048,151,4,23,2,5,0
10411,347.0,2000,2134,25,1892,5,103,481,1776.40,0.615,0.415,0.143,0.078,0.619,0.145,0.048,165,0,18,2,7,0
10441,348.0,2000,2044,25,1889,4,107,475,1806.22,0.616,0.416,0.143,0.080,0.618,0.145,0.048,183,0,13,4,6,0
10471,349.0,2000,1915,25,1887,4,109,488,1907.12,0.616,0.418,0.143,0.080,0.618,0.146,0.048,155,1,27,3,1,0
10501,350.0,2000,1773,25,1888,3,109,504,1955.58,0.616,0.417,0.144,0.080,0.618,0.146,0.048,157,1,14,2,4,0
10531,351.0,2000,1628,25,1893,3,104,501,2041.30,0.615,0.415,0.143,0.078,0.619,0.146,0.048,167,1,20,6,3,0
10561,352.0,2000,1474,25,1886,3,111,483,1977.71,0.617,0.418,0.142,0.081,0.617,0.146,0.048,146,1,15,2,10,0
10591,353.0,2000,1315,25,1881,3,116,485,2015.46,0.617,0.420,0.143,0.083,0.616,0.146,0.049,165,0,16,4,4,0
10621,354.0,2000,1200,25,1883,3,114,471,2118.40,0.616,0.419,0.143,0.082,0.617,0.146,0.049,177,1,17,6,12,0
10651,355.0,2000,1090,25,1883,3,114,463,2201.46,0.616,0.419,0.143,0.082,0.617,0.146,0.049,165,0,20,5,8,0
10681,356.0,2000,956,25,1881,3,116,476,2162.22,0.616,0.420,0.141,0.083,0.616,0.146,0.050,157,0,13,3,7,0
10711,357.0,2000,861,25,1882,3,115,478,2140.30,0.616,0.420,0.140,0.083,0.616,0.146,0.050,171,1,11,2,4,0
10741,358.0,2000,815,25,1882,3,115,492,2129.61,0.616,0.420,0.138,0.082,0.616,0.146,0.050,159,1,19,2,3,0
10771,359.0,2000,807,25,1886,3,111,482,2146.30,0.615,0.418,0.138,0.080,0.618,0.146,0.049,181,1,12,5,11,0
10801,360.0,2000,783,25,1890,2,108,478,2253.21,0.614,0.416,0.138,0.078,0.619,0.146,0.050,143,1,16,4,5,0
10831,361.0,2000,783,25,1894,2,104,505,2195.00,0.613,0.415,0.137,0.077,0.620,0.145,0.050,170,2,24,2,8,0
10861,362.0,2000,801,25,1898,2,100,507,2100.72,0.611,0.413,0.138,0.075,0.621,0.145,0.050,186,0,25,2,6,0
10891,363.0,2000,791,25,1899,2,99,507,2027.94,0.612,0.412,0.136,0.075,0.622,0.145,0.049,167,0,16,5,10,0
10921,364.0,2000,797,25,1901,2,97,516,2128.85,0.612,0.411,0.135,0.074,0.623,0.145,0.050,161,0,17,7,8,0
10951,365.0,2000,846,25,1902,2,96,525,2155.35,0.611,0.410,0.136,0.073,0.623,0.145,0.050,166,0,11,5,4,0
10981,366.0,2000,883,25,1902,2,96,537,2172.99,0.612,0.410,0.135,0.073,0.623,0.145,0.050,154,0,17,4,5,0
11011,367.0,2000,965,25,1903,2,95,551,2165.98,0.611,0.410,0.132,0.072,0.624,0.145,0.050,186,2,15,9,7,0
11041,368.0,2000,1034,25,1907,2,91,531,2252.24,0.611,0.408,0.132,0.071,0.625,0.145,0.049,169,2,15,6,8,0
11071,369.0,2000,1110,25,1909,2,89,549,2338.00,0.609,0.407,0.133,0.070,0.626,0.145,0.049,161,1,8,6,5,0
11101,370.0,2000,1171,25,1909,2,89,533,2373.03,0.610,0.407,0.131,0.070,0.626,0.145,0.049,185,0,11,6,10,0
11131,371.0,2000,1289,25,1912,2,86,549,2401.60,0.610,0.406,0.131,0.069,0.627,0.145,0.049,162,0,15,4,7,0
11161,372.0,2000,1427,25,1913,2,85,542,2353.21,0.610,0.405,0.130,0.068,0.627,0.145,0.049,167,0,9,3,8,0
11191,373.0,2000,1590,25,1916,2,82,534,2301.43,0.609,0.404,0.131,0.068,0.628,0.145,0.049,179,2,17,5,5,0
11221,374.0,2000,1706,25,1911,2,87,529,2434.64,0.609,0.405,0.133,0.069,0.627,0.146,0.049,179,0,12,6,6,0
11251,375.0,2000,1827,24,1907,2,91,509,2357.17,0.610,0.407,0.133,0.070,0.626,0.146,0.050,157,0,11,2,9,0
11281,376.0,2000,1960,24,1908,2,90,506,2254.04,0.610,0.407,0.133,0.070,0.626,0.146,0.050,154,0,19,1,7,0
11311,377.0,2000,2181,24,1910,2,88,504,2142.48,0.609,0.406,0.133,0.069,0.627,0.145,0.050,164,0,21,6,6,0
11341,378.0,2000,2258,24,1913,2,85,490,2192.06,0.609,0.404,0.132,0.067,0.627,0.145,0.050,177,1,17,2,6,0
11371,379.0,2000,2417,24,1913,2,85,478,2164.80,0.609,0.404,0.132,0.067,0.628,0.145,0.050,184,0,8,2,6,0
11401,380.0,2000,2575,24,1913,2,85,445,2221.81,0.609,0.404,0.132,0.067,0.628,0.146,0.049,173,0,11,3,3,0
11431,381.0,2000,2652,24,1913,2,85,441,2188.34,0.609,0.403,0.133,0.067,0.628,0.146,0.049,174,0,14,5,4,0
11461,382.0,2000,2897,24,1913,2,85,429,2206.04,0.609,0.403,0.133,0.067,0.628,0.146,0.049,196,0,6,2,5,0
11491,383.0,2000,3019,24,1914,2,84,418,2135.26,0.609,0.402,0.134,0.066,0.628,0.146,0.049,178,0,7,1,6,0
11521,384.0,2000,3126,24,1914,2,84,414,2188.33,0.609,0.403,0.134,0.066,0.628,0.146,0.049,168,0,7,4,3,0
11551,385.0,2000,3310,24,1914,2,84,427,2192.71,0.609,0.403,0.134,0.066,0.628,0.146,0.049,160,0,6,0,2,0
11581,386.0,2000,3228,24,1914,2,84,428,2283.53,0.610,0.403,0.132,0.066,0.628,0.146,0.048,166,0,15,4,6,0
11611,387.0,2000,3334,24,1915,2,83,433,2406.48,0.609,0.403,0.133,0.065,0.628,0.146,0.048,163,0,13,4,3,0
11641,388.0,2000,3414,24,1916,2,82,430,2532.26,0.609,0.401,0.132,0.065,0.628,0.146,0.048,167,0,18,9,5,0
11671,389.0,2000,3417,24,1918,2,80,449,2536.45,0.609,0.400,0.132,0.065,0.629,0.147,0.047,185,0,12,4,4,0
11701,390.0,2000,3468,24,1919,2,79,465,2512.79,0.608,0.400,0.131,0.065,0.629,0.147,0.047,182,0,15,3,7,0
11731,391.0,2000,3571,24,1919,2,79,483,2420.11,0.608,0.400,0.131,0.065,0.630,0.147,0.047,195,0,8,4,5,0
11761,392.0,2000,3545,24,1920,2,78,490,2527.84,0.608,0.401,0.131,0.063,0.630,0.147,0.047,157,0,11,3,8,0
11791,393.0,2000,3522,24,1922,2,76,490,2451.59,0.608,0.400,0.131,0.063,0.631,0.147,0.047,162,0,11,2,7,0
11821,394.0,2000,3610,24,1922,2,76,504,2393.86,0.608,0.401,0.131,0.063,0.631,0.147,0.047,166,0,16,1,6,0
11851,395.0,2000,3593,24,1923,2,75,495,2317.47,0.609,0.401,0.130,0.062,0.631,0.147,0.047,181,0,17,3,6,0
11881,396.0,2000,3512,24,1923,2,75,532,2218.19,0.608,0.401,0.130,0.062,0.631,0.147,0.046,179,0,13,4,3,0
11911,397.0,2000,3558,24,1923,2,75,514,2184.35,0.609,0.401,0.129,0.062,0.631,0.147,0.046,166,0,16,3,6,0
11941,398.0,2000,3437,24,1924,2,74,521,2138.35,0.610,0.401,0.128,0.062,0.631,0.147,0.046,171,0,12,5,5,0
11971,399.0,2000,3363,24,1928,2,70,531,2253.14,0.609,0.399,0.128,0.061,0.632,0.147,0.046,173,0,16,6,4,0
12001,400.0,2000,3361,24,1930,2,68,551,2241.21,0.610,0.398,0.129,0.061,0.633,0.147,0.045,169,0,5,5,9,0
12031,401.0,2000,3236,24,1932,2,66,567,2222.25,0.610,0.397,0.128,0.060,0.633,0.147,0.045,167,0,12,4,4,0
12061,402.0,2000,3111,24,1933,2,65,583,2208.00,0.610,0.396,0.127,0.060,0.633,0.147,0.044,172,0,12,1,4,0
12091,403.0,2000,3027,24,1935,2,63,571,2193.84,0.611,0.395,0.127,0.059,0.634,0.147,0.044,166,0,18,4,11,0
12121,404.0,2000,2885,24,1935,2,63,573,2194.02,0.611,0.395,0.127,0.058,0.634,0.147,0.044,177,0,14,3,5,0
12151,405.0,2000,2802,24,1935,2,63,597,2119.07,0.611,0.396,0.126,0.059,0.634,0.147,0.043,182,0,11,3,14,0
12181,406.0,2000,2621,24,1936,2,62,577,2155.39,0.611,0.395,0.125,0.059,0.634,0.147,0.043,150,0,12,3,8,0
12211,407.0,2000,2479,24,1935,2,63,578,2163.67,0.611,0.396,0.125,0.059,0.633,0.147,0.043,175,0,5,2,6,0
12241,408.0,2000,2308,24,1935,2,63,590,2133.61,0.611,0.396,0.125,0.059,0.633,0.147,0.043,169,0,5,5,5,0
12271,409.0,2000,2149,24,1935,2,63,591,2082.24,0.612,0.396,0.127,0.059,0.633,0.147,0.044,184,0,14,4,8,0
12301,410.0,2000,1964,23,1935,2,63,613,2039.15,0.611,0.396,0.127,0.059,0.633,0.147,0.044,174,0,12,1,4,0
12331,411.0,2000,1852,23,1936,2,62,622,2139.24,0.611,0.395,0.128,0.058,0.634,0.147,0.044,169,0,9,6,8,0
12361,412.0,2000,1645,23,1936,2,62,601,2258.26,0.612,0.395,0.126,0.058,0.634,0.147,0.044,174,0,13,7,6,0
12391,413.0,2000,1518,23,1939,2,59,595,2298.49,0.611,0.395,0.127,0.057,0.635,0.148,0.043,154,0,15,8,9,0
12421,414.0,2000,1420,23,1936,4,60,594,2338.80,0.611,0.397,0.126,0.058,0.634,0.148,0.044,157,0,12,3,11,0
12451,415.0,2000,1340,23,1937,4,59,584,2392.26,0.611,0.397,0.126,0.057,0.634,0.148,0.043,164,0,11,6,7,0
12481,416.0,2000,1164,23,1937,4,59,563,2469.42,0.611,0.398,0.126,0.057,0.635,0.148,0.043,169,0,8,6,4,0
12511,417.0,2000,1114,23,1936,4,60,561,2458.30,0.611,0.399,0.125,0.057,0.634,0.148,0.044,190,0,14,2,7,0
12541,418.0,2000,1027,23,1933,4,63,545,2445.09,0.611,0.401,0.123,0.059,0.633,0.147,0.044,147,0,18,4,9,0
12571,419.0,2000,913,23,1934,4,62,545,2418.64,0.610,0.400,0.122,0.058,0.634,0.148,0.044,177,0,13,7,8,0
12601,420.0,2000,840,23,1934,4,62,558,2375.16,0.610,0.400,0.121,0.059,0.634,0.148,0.044,162,0,18,5,10,0
12631,421.0,2000,846,23,1935,4,61,556,2411.43,0.610,0.400,0.121,0.058,0.634,0.148,0.043,157,1,8,9,1,0
12661,422.0,2000,855,23,1937,4,59,560,2372.70,0.610,0.399,0.121,0.058,0.635,0.148,0.043,164,0,10,1,5,0
12691,423.0,2000,826,23,1937,3,60,553,2347.25,0.609,0.399,0.120,0.058,0.635,0.148,0.043,155,0,11,8,4,0
12721,424.0,2000,844,23,1939,3,58,529,2203.98,0.609,0.398,0.120,0.057,0.635,0.148,0.043,166,0,10,1,11,0
12751,425.0,2000,875,23,1939,3,58,525,2183.97,0.609,0.398,0.119,0.057,0.635,0.148,0.043,189,0,5,3,4,0
12781,426.0,2000,913,23,1940,3,57,537,2225.00,0.608,0.399,0.118,0.057,0.636,0.147,0.043,165,0,17,3,6,0
12811,427.0,2000,1020,23,1941,3,56,530,2300.18,0.607,0.398,0.116,0.057,0.636,0.147,0.044,183,0,8,5,10,0
12841,428.0,2000,1113,23,1941,3,56,520,2180.39,0.607,0.398,0.115,0.057,0.636,0.147,0.044,155,0,13,3,7,0
12871,429.0,2000,1240,23,1941,3,56,512,2312.54,0.607,0.398,0.115,0.057,0.636,0.147,0.044,172,0,9,6,5,0
12901,430.0,2000,1323,23,1941,3,56,522,2216.76,0.607,0.398,0.114,0.057,0.636,0.148,0.044,184,0,15,4,8,0
12931,431.0,2000,1445,23,1943,3,54,519,2344.29,0.606,0.397,0.113,0.056,0.636,0.148,0.043,163,1,12,4,4,0
12961,432.0,2000,1599,23,1944,3,53,516,2389.39,0.606,0.397,0.113,0.056,0.637,0.147,0.044,178,0,11,6,9,0
12991,433.0,2000,1758,23,1944,3,53,489,2444.50,0.606,0.397,0.113,0.056,0.637,0.147,0.044,191,0,12,4,6,0
13021,434.0,2000,1932,23,1945,3,52,473,2436.00,0.605,0.397,0.111,0.057,0.637,0.148,0.043,151,0,13,4,10,0
13051,435.0,2000,2051,22,1946,3,51,472,2338.46,0.605,0.397,0.111,0.058,0.637,0.148,0.043,174,0,20,1,4,0
13081,436.0,2000,2179,22,1946,3,51,483,2334.54,0.605,0.397,0.111,0.058,0.637,0.148,0.043,184,0,17,2,1,0
13111,437.0,2000,2344,22,1946,3,51,475,2403.97,0.605,0.396,0.111,0.058,0.637,0.148,0.043,163,1,21,7,7,0
13141,438.0,2000,2557,22,1946,3,51,472,2405.97,0.605,0.396,0.110,0.059,0.638,0.148,0.043,180,0,13,4,9,0
13171,439.0,2000,2662,22,1946,3,51,465,2411.49,0.605,0.396,0.108,0.059,0.638,0.148,0.043,169,0,17,4,5,0
13201,440.0,2000,2818,22,1947,3,50,463,2383.39,0.604,0.395,0.108,0.058,0.638,0.148,0.043,191,0,19,4,1,0
13231,441.0,2000,2895,22,1948,3,49,442,2482.53,0.605,0.394,0.108,0.058,0.638,0.148,0.042,165,0,24,6,8,0
13261,442.0,2000,2997,22,1948,3,49,441,2505.72,0.604,0.393,0.108,0.058,0.638,0.148,0.042,169,0,9,2,7,0
13291,443.0,2000,3160,22,1948,3,49,422,2556.17,0.604,0.393,0.108,0.058,0.638,0.148,0.043,170,0,20,5,5,0
13321,444.0,2000,3272,22,1948,3,49,424,2683.22,0.604,0.393,0.107,0.058,0.639,0.148,0.042,162,0,9,8,3,0
13351,445.0,2000,3376,22,1950,2,48,429,2549.22,0.604,0.392,0.106,0.057,0.639,0.148,0.042,162,0,19,2,2,0
13381,446.0,2000,3452,22,1951,2,47,415,2597.48,0.604,0.392,0.106,0.057,0.639,0.148,0.042,174,0,13,6,4,0
13411,447.0,2000,3545,22,1951,2,47,413,2555.38,0.605,0.391,0.106,0.057,0.639,0.148,0.042,162,0,20,4,2,0
13441,448.0,2000,3673,22,1951,2,47,399,2542.67,0.606,0.392,0.106,0.058,0.639,0.148,0.041,162,0,14,2,7,0
13471,449.0,2000,3650,22,1951,2,47,391,2436.70,0.605,0.392,0.105,0.058,0.639,0.148,0.041,195,0,27,7,4,0
13501,450.0,2000,3674,22,1951,2,47,390,2393.17,0.606,0.392,0.105,0.058,0.639,0.148,0.042,201,0,22,7,2,0
13531,451.0,2000,3762,22,1953,2,45,375,2385.90,0.605,0.391,0.104,0.058,0.640,0.147,0.042,194,0,23,6,5,0
13561,452.0,2000,3796,22,1953,2,45,387,2276.67,0.606,0.391,0.104,0.059,0.640,0.147,0.042,166,0,21,5,5,0
13591,453.0,2000,3822,22,1953,2,45,393,2149.65,0.605,0.391,0.104,0.059,0.640,0.148,0.042,183,0,26,4,6,0
13621,454.0,2000,3790,22,1953,2,45,395,1988.95,0.606,0.390,0.102,0.059,0.640,0.147,0.041,191,0,26,2,5,0
13651,455.0,2000,3809,22,1953,2,45,396,2082.35,0.606,0.390,0.104,0.059,0.640,0.148,0.041,179,0,21,4,4,0
13681,456.0,2000,3758,22,1953,2,45,394,2051.20,0.606,0.390,0.103,0.058,0.640,0.147,0.041,168,0,29,6,5,0
13711,457.0,2000,3813,22,1953,2,45,409,2142.18,0.606,0.389,0.102,0.059,0.640,0.147,0.041,178,0,21,3,6,0
13741,458.0,2000,3747,22,1954,2,44,405,2088.96,0.606,0.388,0.102,0.058,0.640,0.147,0.041,186,0,22,3,3,0
13771,459.0,2000,3527,22,1955,2,43,400,2191.64,0.606,0.387,0.104,0.057,0.641,0.147,0.041,182,0,19,3,2,0
13801,460.0,2000,3362,22,1956,2,42,403,2218.14,0.606,0.386,0.105,0.056,0.641,0.147,0.041,194,0,13,1,0,0
13831,461.0,2000,3341,22,1956,2,42,416,2284.30,0.605,0.387,0.107,0.056,0.641,0.147,0.041,179,0,17,0,7,0
13861,462.0,2000,3233,22,1956,2,42,408,2266.57,0.606,0.386,0.109,0.057,0.641,0.147,0.041,170,0,25,6,6,0
13891,463.0,2000,3121,22,1956,2,42,418,2207.61,0.606,0.385,0.110,0.056,0.641,0.147,0.041,183,0,18,4,7,0
13921,464.0,2000,3110,22,1956,2,42,405,2200.90,0.606,0.385,0.110,0.056,0.641,0.147,0.041,201,0,22,6,3,0
13951,465.0,2000,2900,22,1956,2,42,419,2148.19,0.606,0.385,0.111,0.056,0.641,0.147,0.041,202,0,14,2,3,0
13981,466.0,2000,2727,22,1956,2,42,405,2075.75,0.607,0.386,0.111,0.056,0.641,0.147,0.041,176,0,20,3,6,0
14011,467.0,2000,2555,22,1956,2,42,415,2052.75,0.607,0.386,0.111,0.056,0.641,0.147,0.041,179,0,25,4,4,0
14041,468.0,2000,2383,22,1956,2,42,404,2109.67,0.606,0.385,0.108,0.055,0.641,0.147,0.041,171,0,12,5,8,0
14071,469.0,2000,2228,22,1956,2,42,422,2173.53,0.606,0.385,0.108,0.055,0.641,0.147,0.041,205,0,10,3,4,0
14101,470.0,2000,2062,22,1956,2,42,412,2257.31,0.606,0.384,0.110,0.054,0.641,0.147,0.041,206,0,18,8,7,0
14131,471.0,2000,1941,22,1956,2,42,430,2270.58,0.606,0.384,0.110,0.054,0.641,0.147,0.041,210,0,18,4,9,0
14161,472.0,2000,1806,22,1958,2,40,433,2236.62,0.605,0.383,0.110,0.054,0.642,0.147,0.041,189,0,15,2,2,0
14191,473.0,2000,1608,22,1958,2,40,471,2233.56,0.604,0.383,0.110,0.054,0.642,0.147,0.041,210,0,18,4,14,0
14221,474.0,2000,1483,22,1958,2,40,482,2232.92,0.605,0.382,0.109,0.054,0.641,0.147,0.041,180,0,21,5,6,0
14251,475.0,2000,1342,21,1958,2,40,490,2249.59,0.604,0.382,0.109,0.054,0.641,0.147,0.041,173,0,15,6,6,0
14281,476.0,2000,1211,21,1958,2,40,499,2147.43,0.604,0.382,0.108,0.054,0.641,0.147,0.041,186,0,23,4,5,0
14311,477.0,2000,1157,21,1959,2,39,519,2126.39,0.603,0.381,0.108,0.054,0.642,0.148,0.040,169,1,25,4,3,0
14341,478.0,2000,1085,21,1959,2,39,515,2121.21,0.604,0.382,0.107,0.054,0.641,0.148,0.040,217,0,20,5,5,0
14371,479.0,2000,1045,21,1962,2,36,521,2172.59,0.603,0.380,0.107,0.053,0.642,0.147,0.040,203,0,18,3,5,0
14401,480.0,2000,972,20,1962,2,36,509,2159.35,0.602,0.380,0.107,0.053,0.642,0.147,0.040,208,0,16,1,3,0
14431,481.0,2000,948,20,1963,2,35,487,2239.16,0.602,0.380,0.107,0.052,0.643,0.147,0.040,189,0,9,9,8,0
14461,482.0,2000,927,20,1965,2,33,456,2175.56,0.602,0.378,0.107,0.052,0.643,0.147,0.040,192,0,19,6,6,0
14491,483.0,2000,884,20,1966,2,32,445,2248.29,0.602,0.377,0.106,0.052,0.643,0.147,0.039,177,0,20,9,8,0
14521,484.0,2000,950,20,1968,2,30,430,2263.71,0.601,0.377,0.107,0.051,0.644,0.147,0.039,192,0,23,7,4,0
14551,485.0,2000,1003,20,1971,2,27,419,2270.40,0.600,0.375,0.108,0.048,0.645,0.147,0.039,208,0,16,7,6,0
14581,486.0,2000,1099,20,1974,1,25,405,2448.59,0.599,0.373,0.106,0.049,0.646,0.147,0.038,232,0,16,8,8,0
14611,487.0,2000,1182,20,1974,1,25,411,2321.91,0.599,0.373,0.106,0.048,0.646,0.147,0.039,203,0,19,2,9,0
14641,488.0,2000,1231,20,1974,1,25,423,2419.27,0.598,0.373,0.106,0.048,0.645,0.147,0.039,194,0,16,6,7,0
14671,489.0,2000,1349,20,1975,1,24,432,2551.50,0.597,0.373,0.106,0.048,0.646,0.147,0.039,204,0,12,10,2,0
14701,490.0,2000,1484,20,1975,1,24,416,2553.33,0.597,0.373,0.106,0.049,0.646,0.147,0.039,206,0,20,1,3,0
14731,491.0,2000,1578,20,1976,1,23,428,2493.01,0.597,0.372,0.105,0.048,0.646,0.147,0.039,206,0,16,2,6,0
14761,492.0,2000,1686,20,1976,1,23,445,2549.70,0.598,0.372,0.106,0.049,0.646,0.147,0.039,209,0,17,3,5,0
14791,493.0,2000,1911,20,1976,1,23,451,2527.33,0.598,0.372,0.107,0.048,0.646,0.147,0.039,191,0,14,5,3,0
14821,494.0,2000,2036,20,1976,1,23,444,2504.85,0.597,0.372,0.106,0.049,0.646,0.146,0.039,203,1,12,7,2,0
14851,495.0,2000,2223,19,1976,1,23,433,2709.44,0.598,0.372,0.106,0.047,0.646,0.147,0.039,189,0,17,10,6,0
14881,496.0,2000,2357,19,1976,1,23,426,2647.95,0.598,0.372,0.106,0.047,0.646,0.146,0.039,197,0,9,3,4,0
14911,497.0,2000,2541,19,1976,1,23,441,2528.20,0.598,0.372,0.105,0.047,0.646,0.146,0.040,205,0,24,4,4,0
14941,498.0,2000,2678,19,1976,1,23,429,2576.75,0.598,0.372,0.105,0.047,0.646,0.146,0.040,210,0,14,2,4,0
14971,499.0,2000,2767,19,1977,1,22,448,2539.26,0.598,0.371,0.104,0.047,0.646,0.146,0.041,207,0,12,2,3,0
