tick,sim_second,organisms,food,species,plants,grazers,hunters,omnivores,infected,avg_lifespan,avg_body_size,avg_speed,avg_armor,avg_attack,avg_photo,avg_diet,avg_photo_area,avg_speed_plants,avg_speed_eaters,avg_light_share,ready_share_plants,ready_share_eaters,avg_disease_resistance,avg_symbiosis_rate,symbiotic_pairs,deaths_starvation,deaths_predation,deaths_old_age,deaths_disease,deaths_event,energy_total,flow_photosynthesis,flow_food,flow_predation,flow_grazing,flow_symbiosis,flow_metabolism,flow_movement,flow_disease,flow_reproduction_spent,flow_reproduction_received,flow_death,flow_clamp,flow_digestion,ledger_max_residual,ledger_cumulative_residual,grazes_eat,grazes_attack,kills_consumer,kills_plant,grazer_kills,grazer_kills_consumer,attacks_no_plant_in_reach,grazes_eat_by_plant,kills_plant_by_consumer,plant_kill_energy_consumer
31,1.0,466,11352,0,152,142,80,92,1,8.40,0.855,0.793,0.204,0.179,0.230,-0.147,1.579,0.3025,1.2321,0.801,0.434,0.223,0.097,-0.008,40,0,35,0,0,0,26407.81,1396.736,8958.520,39.725,52.484,11.521,2268.581,612.669,0.167,3700.571,2960.457,1780.298,1687.204,197.423,0.000169,-0.002093,30,0,27,8,28,21,3793,21,8,19.311
61,2.0,556,9974,0,161,218,76,101,1,20.51,0.876,0.863,0.185,0.170,0.207,-0.250,1.574,0.3112,1.4446,0.775,0.429,0.200,0.091,-0.012,55,0,16,0,0,0,30221.02,1402.260,9825.988,28.116,126.355,19.280,2612.747,696.889,2.511,4091.872,3273.498,913.768,2235.594,163.276,0.000137,-0.002673,88,0,11,5,14,9,4480,63,5,16.397
91,3.0,686,8419,0,156,346,73,111,2,31.11,0.916,0.951,0.155,0.164,0.173,-0.338,1.579,0.3120,1.7274,0.759,0.423,0.160,0.083,-0.015,77,0,31,0,0,0,35605.09,1396.988,13158.673,43.115,144.324,26.262,3282.816,1009.190,2.599,6347.454,5077.963,1432.396,1961.369,256.844,0.000103,-0.003526,126,0,22,9,29,21,5449,106,9,32.442
121,4.0,974,6469,0,163,623,68,120,3,36.67,0.939,1.056,0.121,0.141,0.142,-0.439,1.588,0.3135,2.0491,0.781,0.374,0.121,0.072,-0.019,89,3,55,0,1,0,46139.65,1401.654,23013.185,24.506,181.047,26.827,4526.363,1637.553,4.648,13596.009,10876.808,2301.552,2407.696,307.767,0.000178,-0.004918,96,0,49,6,50,47,7269,77,6,10.807
151,5.0,1399,3966,49,167,1035,63,134,5,49.06,0.952,1.156,0.094,0.116,0.118,-0.499,1.595,0.3136,2.3605,0.790,0.335,0.088,0.063,-0.021,104,10,102,0,0,0,61767.61,1506.487,35976.482,39.383,330.204,21.584,6884.885,2873.390,6.184,21063.245,16850.596,4193.922,3044.978,678.390,0.000114,-0.005679,139,0,98,4,100,96,11191,65,4,8.668
181,6.0,1732,2252,49,179,1364,57,132,9,58.36,0.937,1.213,0.080,0.102,0.110,-0.532,1.600,0.3161,2.4247,0.794,0.302,0.072,0.059,-0.021,125,38,101,0,0,0,70601.84,1638.779,30878.549,52.585,291.954,26.867,9129.793,4358.909,9.797,18003.880,14403.104,4186.726,1854.407,595.272,0.000155,-0.004912,98,0,101,0,93,93,14504,33,0,0.000
211,7.0,1984,873,49,194,1625,46,119,11,85.55,0.922,1.255,0.072,0.099,0.109,-0.556,1.588,0.3221,2.6226,0.787,0.227,0.055,0.056,-0.018,109,67,144,0,2,0,74335.88,1797.236,29477.291,103.316,1175.524,20.533,10809.180,5722.381,15.710,17734.725,14187.780,5185.138,1108.204,1256.240,0.000167,-0.006046,179,0,142,2,111,109,16886,45,2,6.636
241,8.0,1916,699,49,192,1578,38,108,20,100.79,0.916,1.253,0.070,0.092,0.111,-0.563,1.591,0.3203,2.6579,0.779,0.219,0.049,0.056,-0.018,108,61,161,0,1,0,65025.94,1902.975,13833.812,61.289,1008.660,18.437,11281.404,5906.060,21.437,5971.084,4776.868,5393.891,211.826,1099.181,0.000176,-0.007178,175,0,155,6,138,134,17199,41,6,6.208
271,9.0,1799,562,49,187,1490,31,91,20,130.45,0.898,1.243,0.069,0.088,0.113,-0.573,1.580,0.3202,2.6641,0.764,0.203,0.045,0.057,-0.019,96,97,150,0,3,0,58577.59,1895.505,14322.808,68.043,528.001,16.770,10459.493,5482.719,32.702,4815.771,3852.617,4822.229,185.501,788.908,0.000208,-0.008997,118,0,140,10,139,129,17091,22,10,26.676
301,10.0,1689,478,41,183,1411,22,73,20,146.56,0.882,1.239,0.067,0.084,0.115,-0.589,1.591,0.3203,2.7041,0.790,0.219,0.042,0.058,-0.020,75,128,120,0,3,0,55562.57,1879.562,14719.016,40.961,446.938,13.175,9572.594,4955.386,31.284,5308.631,4246.905,3304.735,133.275,595.553,0.000135,-0.009733,72,0,109,11,113,103,17247,1,11,19.037
331,11.0,1600,527,41,182,1334,21,63,25,156.85,0.876,1.234,0.067,0.083,0.118,-0.592,1.604,0.3294,2.7304,0.779,0.181,0.043,0.058,-0.021,76,106,105,0,1,0,53372.27,1933.382,14315.932,60.656,730.895,10.501,8923.245,4813.243,34.758,4693.671,3754.937,2877.298,162.316,750.684,0.000086,-0.009433,111,0,97,8,94,86,17295,14,8,19.363
361,12.0,1527,569,41,186,1278,16,47,28,184.34,0.871,1.236,0.068,0.078,0.123,-0.603,1.614,0.3198,2.7823,0.767,0.161,0.045,0.058,-0.021,73,96,104,0,1,0,53378.77,2056.965,15860.964,50.877,517.890,10.928,8461.360,4457.422,37.264,4900.061,3920.049,3073.756,338.295,614.193,0.000110,-0.008494,120,0,99,5,95,90,16537,26,5,14.727
391,13.0,1524,717,41,200,1274,12,38,23,191.52,0.872,1.234,0.069,0.072,0.129,-0.609,1.622,0.3242,2.7847,0.754,0.170,0.047,0.056,-0.021,59,75,92,0,5,0,54141.34,2261.565,15929.627,37.947,372.484,7.753,8233.101,4269.007,41.605,6392.289,5113.831,2769.167,325.852,549.390,0.000167,-0.005959,105,0,88,4,81,79,15683,14,4,4.692
421,14.0,1601,662,41,216,1340,11,34,29,186.93,0.876,1.243,0.070,0.072,0.131,-0.615,1.622,0.3240,2.8440,0.740,0.162,0.040,0.056,-0.022,53,54,114,0,1,0,58296.12,2507.466,21295.200,45.028,695.810,6.713,8423.089,4540.669,38.433,9505.534,7604.427,3670.250,373.336,746.019,0.000157,-0.004772,128,0,109,5,111,106,15850,4,5,15.440
451,15.0,1662,697,36,225,1400,8,29,24,187.77,0.881,1.248,0.069,0.071,0.132,-0.622,1.616,0.3174,2.8504,0.704,0.138,0.036,0.056,-0.022,71,63,138,0,3,0,60763.59,2666.472,21433.304,62.426,936.816,6.807,8933.693,5001.116,40.475,10129.045,8103.236,4470.315,305.705,917.630,0.000181,-0.003348,182,0,124,14,129,115,16814,26,14,33.346
481,16.0,1747,709,36,229,1486,5,27,26,187.15,0.887,1.257,0.070,0.071,0.130,-0.631,1.626,0.3305,2.8524,0.708,0.131,0.037,0.055,-0.023,86,44,146,0,1,0,64507.76,2784.418,23848.569,56.766,765.467,7.995,9343.052,5268.752,36.804,10717.922,8574.338,4844.403,444.363,864.624,0.000159,-0.004212,118,0,136,10,141,131,17558,9,10,22.545
511,17.0,1845,776,36,253,1563,5,24,35,193.20,0.889,1.257,0.071,0.068,0.134,-0.635,1.618,0.3444,2.8621,0.716,0.130,0.040,0.055,-0.022,79,48,135,0,1,0,69072.62,3043.682,24690.795,66.472,805.472,7.697,9799.210,5492.923,48.974,10832.287,8665.830,4392.604,462.559,873.350,0.000174,-0.004200,144,0,132,3,118,116,17790,26,3,5.341
541,18.0,2013,689,36,275,1711,4,23,48,170.72,0.897,1.262,0.074,0.067,0.134,-0.639,1.632,0.3445,2.8760,0.706,0.120,0.039,0.054,-0.022,75,44,143,0,2,0,75057.23,3463.559,28151.155,56.353,1230.774,6.241,10704.237,6026.050,66.499,13918.441,11134.753,4552.036,519.197,1034.765,0.000111,-0.003668,175,0,135,8,133,125,18266,11,8,14.094
571,19.0,2152,657,36,292,1833,4,23,53,181.81,0.906,1.267,0.074,0.066,0.134,-0.638,1.627,0.3394,2.9086,0.714,0.106,0.035,0.054,-0.022,84,49,164,0,3,0,80392.38,3823.120,29714.598,82.924,1106.240,6.618,11648.652,6636.010,88.554,13827.056,11061.645,5566.240,502.284,1078.339,0.000159,-0.003411,176,0,149,15,148,135,19199,12,15,29.859
601,20.0,2251,641,32,301,1924,4,22,59,166.85,0.912,1.273,0.073,0.068,0.133,-0.639,1.635,0.3482,2.8959,0.693,0.110,0.035,0.054,-0.022,77,39,213,0,2,0,83685.75,4230.709,30501.890,86.560,1309.793,7.119,12490.971,7152.716,95.046,13705.875,10964.701,7148.338,561.012,1336.528,0.000155,-0.001948,203,0,193,20,201,184,19534,7,20,40.382
631,21.0,2332,639,32,310,2000,4,18,65,195.65,0.914,1.278,0.073,0.068,0.133,-0.639,1.620,0.3615,2.9132,0.706,0.103,0.036,0.054,-0.023,76,57,213,0,5,0,86563.56,4389.363,30955.293,105.931,1442.467,9.590,13089.675,7472.962,103.129,13728.715,10982.973,7115.729,615.964,1429.573,0.000215,-0.003663,223,0,184,29,195,167,19938,6,29,54.270
661,22.0,2460,662,32,345,2093,4,18,73,183.18,0.916,1.277,0.075,0.067,0.139,-0.636,1.626,0.3644,2.9160,0.677,0.087,0.035,0.054,-0.021,85,61,213,0,8,0,91072.45,4811.281,33392.218,70.697,1275.728,6.596,13737.707,7790.475,112.261,15844.434,12675.548,6885.324,679.389,1391.269,0.000113,-0.003687,241,0,202,11,201,191,20167,33,11,22.153
691,23.0,2567,642,32,364,2184,3,16,77,174.65,0.920,1.279,0.078,0.066,0.140,-0.639,1.630,0.3814,2.9305,0.657,0.074,0.032,0.055,-0.022,67,60,234,0,3,0,95420.23,5158.168,35195.977,92.763,1588.055,6.218,14470.845,8294.087,126.572,15646.246,12516.997,7877.085,610.984,1590.301,0.000138,-0.003854,243,0,208,26,223,200,20340,12,26,46.324
721,24.0,2731,565,32,401,2312,3,15,94,173.24,0.922,1.276,0.079,0.066,0.143,-0.639,1.655,0.3782,2.9431,0.631,0.072,0.029,0.055,-0.025,65,51,243,0,4,0,99471.02,5393.136,36554.838,89.678,1856.002,6.549,15305.238,8756.929,142.395,17874.319,14299.456,7808.032,652.308,1747.101,0.000188,-0.005236,352,0,232,11,234,223,20806,47,11,33.811
751,25.0,2787,577,28,422,2348,2,15,96,164.41,0.927,1.268,0.083,0.065,0.146,-0.645,1.631,0.3799,2.9353,0.656,0.064,0.031,0.056,-0.027,81,63,295,0,7,0,102134.96,6077.792,37436.634,114.140,2009.159,6.483,16043.094,9261.159,156.765,16475.544,13180.435,9550.692,736.922,1920.875,0.000171,-0.006734,352,0,273,22,281,260,22176,33,22,37.930
781,26.0,2839,569,28,451,2371,2,15,115,166.58,0.928,1.263,0.087,0.065,0.152,-0.647,1.642,0.3843,2.9463,0.631,0.051,0.033,0.056,-0.028,81,59,319,0,6,0,104530.62,6597.275,38648.169,120.101,2297.376,7.073,16552.444,9461.172,175.816,16945.337,13556.270,10798.759,410.407,2182.228,0.000275,-0.004280,384,0,291,28,307,281,22760,19,28,51.934
811,27.0,2909,589,28,483,2412,2,12,137,185.79,0.930,1.256,0.090,0.064,0.156,-0.651,1.656,0.3829,2.9465,0.644,0.054,0.034,0.057,-0.028,79,74,303,0,8,0,107258.16,7000.680,38055.037,105.743,2565.036,5.007,16765.335,9470.399,216.814,17855.895,14284.716,9749.282,446.085,2214.814,0.000202,-0.004288,474,0,274,29,294,267,22705,52,27,46.901
841,28.0,3049,527,28,518,2519,1,11,161,190.69,0.935,1.249,0.092,0.065,0.159,-0.653,1.654,0.3832,2.9205,0.624,0.050,0.033,0.058,-0.029,94,71,268,0,8,0,112640.95,7684.000,40847.854,117.023,2805.721,6.893,17481.652,9856.017,239.867,19205.312,15364.250,9046.154,532.953,2268.388,0.000219,-0.002737,508,0,237,31,258,228,23382,59,30,52.712
871,29.0,3190,533,28,563,2615,1,11,191,205.26,0.936,1.247,0.096,0.066,0.163,-0.653,1.660,0.3840,2.9079,0.612,0.041,0.032,0.059,-0.029,91,75,247,0,8,0,116578.52,8037.462,39607.478,106.122,3101.254,6.874,18486.888,10341.703,289.179,18352.262,14681.810,8256.559,540.406,2228.306,0.000218,-0.003028,566,0,228,19,235,217,24567,43,19,43.931
901,30.0,3299,454,26,597,2690,1,11,230,197.91,0.941,1.245,0.098,0.065,0.167,-0.654,1.653,0.3952,2.8741,0.597,0.034,0.028,0.059,-0.030,78,65,307,0,22,0,118155.05,8454.061,41233.359,115.273,3249.683,7.496,19284.108,10839.565,347.705,19785.804,15828.644,10620.779,579.952,2596.901,0.000209,-0.001105,616,0,275,32,302,271,24936,46,32,73.575
931,31.0,3302,481,26,596,2697,1,8,295,175.31,0.945,1.244,0.102,0.065,0.166,-0.657,1.656,0.3874,2.8659,0.611,0.037,0.027,0.059,-0.030,52,79,365,0,19,0,118226.23,8715.708,42003.726,167.674,3262.294,8.744,19824.629,11220.199,421.900,18502.640,14802.112,12431.366,364.129,2853.179,0.000173,0.000260,670,0,312,53,354,301,25479,93,53,99.301
961,32.0,3235,457,26,609,2617,1,8,336,189.63,0.945,1.234,0.105,0.066,0.171,-0.657,1.658,0.3903,2.8606,0.608,0.026,0.027,0.060,-0.030,75,69,390,0,21,0,117065.58,8790.193,40782.848,143.512,3580.738,6.958,19646.501,10954.727,507.220,16402.855,13122.284,13040.341,449.048,2998.798,0.000298,0.003313,701,0,347,43,383,340,25088,86,43,83.308
991,33.0,3216,493,26,608,2600,1,7,377,195.48,0.952,1.233,0.107,0.066,0.171,-0.659,1.652,0.3836,2.8751,0.630,0.018,0.031,0.061,-0.029,70,72,367,0,19,0,116387.18,9042.229,40421.089,172.315,3596.904,7.079,19569.382,10821.335,574.068,17387.520,13910.017,12457.788,527.923,2886.029,0.000178,0.004208,719,0,299,68,366,298,24618,62,68,134.119
1021,34.0,3240,500,26,622,2610,1,7,449,190.35,0.956,1.229,0.112,0.066,0.173,-0.660,1.666,0.3966,2.8648,0.620,0.014,0.027,0.061,-0.029,69,82,321,0,29,0,117774.70,9160.134,40961.193,146.251,3938.837,6.623,19668.770,10738.011,671.718,18035.539,14428.431,10945.845,459.583,2789.022,0.000256,0.006441,782,0,275,46,314,268,24524,50,46,89.003
1051,35.0,3277,465,23,654,2615,1,7,504,205.80,0.959,1.222,0.115,0.066,0.178,-0.661,1.661,0.4001,2.8571,0.641,0.009,0.030,0.062,-0.030,72,51,334,0,30,0,118102.76,9411.529,40742.584,115.083,3800.383,7.077,20018.254,10962.730,753.613,18100.226,14480.181,11158.148,572.497,2855.853,0.000206,0.004507,772,0,302,32,323,291,24890,43,32,52.166
1081,36.0,3235,498,23,672,2555,1,7,540,224.29,0.956,1.214,0.121,0.065,0.184,-0.663,1.665,0.3990,2.8516,0.645,0.007,0.027,0.063,-0.031,68,55,402,0,34,0,115228.41,9765.481,39333.263,143.686,3383.387,6.578,19969.459,10899.304,834.131,17743.675,14194.940,13389.778,605.655,2869.717,0.000205,0.003748,706,0,350,52,397,347,23962,61,51,90.688
1111,37.0,3204,431,23,662,2536,1,5,601,262.61,0.957,1.218,0.126,0.064,0.183,-0.668,1.670,0.4005,2.8619,0.673,0.012,0.029,0.063,-0.032,62,60,343,0,36,0,115352.10,9920.163,39032.213,164.931,3305.181,7.148,19759.027,10785.624,898.068,16183.159,12946.527,11236.576,511.292,2566.397,0.000153,0.002544,657,0,278,65,336,272,23604,51,65,118.196
1141,38.0,3147,407,23,674,2467,1,5,625,220.40,0.959,1.212,0.132,0.064,0.189,-0.669,1.658,0.4117,2.8481,0.656,0.009,0.027,0.063,-0.032,67,64,339,0,46,0,112669.73,9716.551,36589.095,172.004,3567.736,6.124,19548.455,10612.925,951.623,15572.446,12457.957,11666.695,507.631,2758.205,0.000239,0.000319,673,0,279,60,331,272,23410,61,59,118.894
1171,39.0,3138,435,23,707,2426,0,5,668,227.42,0.960,1.200,0.135,0.063,0.196,-0.673,1.675,0.4112,2.8425,0.654,0.010,0.026,0.065,-0.032,73,71,297,0,45,0,111797.68,9592.204,36318.545,113.546,3760.319,7.892,19413.995,10385.303,1002.781,16117.953,12894.363,9785.512,526.414,2558.747,0.000170,0.000047,756,0,254,43,295,252,22704,44,43,78.479
1201,40.0,3156,385,21,745,2406,0,5,724,217.15,0.955,1.192,0.139,0.063,0.204,-0.674,1.679,0.4089,2.8518,0.660,0.009,0.028,0.065,-0.032,66,64,240,0,45,0,111107.03,9960.903,34309.434,63.091,3769.332,7.245,19569.535,10393.686,1087.220,14583.859,11667.087,8245.913,380.683,2430.261,0.000189,-0.001316,742,0,219,21,239,219,22287,51,20,37.784
1231,41.0,3197,405,21,783,2409,0,5,800,231.67,0.951,1.183,0.142,0.064,0.210,-0.677,1.672,0.4071,2.8385,0.644,0.010,0.028,0.066,-0.032,57,72,209,0,42,0,110486.20,10069.124,32915.253,89.141,4074.772,6.624,19673.641,10193.966,1191.749,14255.370,11404.296,6827.633,552.749,2403.532,0.000192,-0.004427,804,0,171,38,208,170,21967,37,38,66.242
1261,42.0,3202,364,21,806,2390,0,6,844,227.20,0.948,1.177,0.146,0.064,0.215,-0.677,1.674,0.4067,2.8418,0.670,0.012,0.029,0.067,-0.033,67,73,190,0,70,0,108882.36,10265.849,31044.079,90.430,3963.453,9.935,19740.560,10167.509,1276.042,13288.217,10630.574,6438.025,450.680,2273.746,0.000180,-0.004894,803,0,148,42,190,148,22013,59,42,72.768
1291,43.0,3169,331,21,840,2324,0,5,870,243.07,0.945,1.168,0.151,0.062,0.224,-0.679,1.666,0.4085,2.8543,0.684,0.012,0.027,0.069,-0.034,66,54,237,0,51,0,105537.55,10700.313,29887.979,77.975,4307.259,7.662,19644.214,10074.836,1315.012,12142.827,9714.262,7582.809,370.707,2594.933,0.000190,-0.007567,897,0,202,35,237,202,21371,66,35,57.629
1321,44.0,3083,343,21,843,2236,0,4,901,225.18,0.941,1.158,0.151,0.063,0.230,-0.681,1.664,0.4097,2.8454,0.704,0.011,0.028,0.070,-0.034,62,79,196,0,77,0,103245.11,11015.731,28040.114,90.184,4544.768,7.746,19211.024,9769.472,1356.346,10532.778,8426.223,6350.755,180.913,2463.398,0.000136,-0.008305,934,0,145,51,196,145,19635,46,51,73.634
1351,45.0,2992,356,21,866,2122,0,4,861,234.82,0.932,1.137,0.155,0.062,0.241,-0.683,1.680,0.4081,2.8334,0.678,0.009,0.032,0.072,-0.034,71,94,185,0,78,0,100016.38,10700.453,25943.710,95.549,4540.809,7.190,18603.766,9416.338,1354.399,10291.486,8233.189,5832.361,261.539,2441.735,0.000131,-0.008551,923,0,137,48,185,137,18564,44,48,79.560
1381,46.0,2957,301,21,887,2066,0,4,875,264.87,0.926,1.127,0.156,0.062,0.247,-0.686,1.681,0.4102,2.8368,0.696,0.008,0.038,0.073,-0.035,74,82,137,0,55,0,99224.26,10431.025,25693.889,61.212,4339.418,7.348,18023.457,9073.632,1339.316,9348.407,7478.726,4143.187,337.753,2191.223,0.000210,-0.007915,940,0,101,36,137,101,18046,39,36,52.352
1411,47.0,2899,258,21,895,2000,0,4,895,249.83,0.921,1.117,0.159,0.062,0.253,-0.688,1.683,0.4172,2.8249,0.711,0.010,0.032,0.074,-0.035,66,73,148,0,52,0,96070.17,10300.892,23134.654,77.504,3794.965,9.135,17637.626,8698.969,1365.459,8504.960,6803.968,4918.373,298.509,2047.212,0.000154,-0.009257,822,0,117,31,148,117,17800,44,31,63.086
1441,48.0,2795,301,21,909,1882,0,4,855,281.58,0.912,1.100,0.164,0.062,0.264,-0.691,1.691,0.4153,2.8150,0.704,0.007,0.031,0.076,-0.036,61,72,154,0,86,0,90872.97,10142.516,20083.346,73.263,4039.096,7.931,17126.408,8286.950,1371.225,8105.961,6484.769,4825.537,242.091,2022.920,0.000201,-0.011648,828,0,113,41,154,113,17130,44,41,60.792
1471,49.0,2701,293,21,917,1782,0,2,824,284.08,0.902,1.087,0.171,0.062,0.273,-0.693,1.684,0.4191,2.8145,0.704,0.007,0.034,0.077,-0.036,58,76,157,0,69,0,86807.44,9931.359,20325.951,77.838,3838.924,6.976,16479.064,7839.390,1322.901,8107.008,6485.606,4918.725,276.858,1942.338,0.000207,-0.013641,794,0,118,39,157,118,16165,44,39,65.569
1501,50.0,2590,279,20,904,1684,0,2,776,307.96,0.893,1.076,0.175,0.059,0.280,-0.697,1.682,0.4221,2.8085,0.730,0.006,0.033,0.078,-0.036,56,66,145,0,76,0,82042.27,9493.932,18045.172,91.415,3734.247,8.188,15722.466,7427.269,1253.406,6858.233,5486.586,4582.861,162.066,1875.975,0.000208,-0.016680,792,0,97,48,145,97,15005,49,48,81.691
1531,51.0,2449,307,20,877,1571,0,1,732,290.70,0.888,1.065,0.177,0.058,0.285,-0.701,1.688,0.4186,2.7947,0.743,0.005,0.029,0.079,-0.035,56,80,165,0,71,0,76068.20,9205.811,16492.915,129.377,3271.132,8.772,14898.762,7039.456,1204.569,6716.605,5373.284,5420.784,160.708,1734.571,0.000179,-0.018182,694,0,96,69,165,96,14064,50,69,120.241
1561,52.0,2334,270,20,876,1457,0,1,681,316.60,0.877,1.048,0.181,0.056,0.297,-0.703,1.700,0.4208,2.8011,0.748,0.005,0.033,0.081,-0.035,59,63,138,0,59,0,72069.98,8744.080,15950.968,80.217,3190.097,8.942,13942.678,6406.580,1138.561,5548.100,4438.480,4330.114,201.407,1644.520,0.000198,-0.019563,667,0,96,42,138,96,13200,35,42,71.717
1591,53.0,2239,255,20,879,1360,0,0,635,316.20,0.867,1.028,0.180,0.054,0.308,-0.708,1.697,0.4205,2.7776,0.734,0.003,0.031,0.083,-0.036,59,55,95,0,77,0,69020.14,8434.202,13917.646,52.564,2977.210,9.418,13222.897,5951.149,1057.786,5179.406,4143.525,2753.485,42.481,1390.572,0.000132,-0.020726,584,0,69,26,95,69,12281,19,26,46.770
1621,54.0,2158,246,20,884,1274,0,0,575,356.75,0.856,1.010,0.180,0.054,0.320,-0.710,1.697,0.4243,2.7708,0.749,0.007,0.027,0.085,-0.036,63,80,79,0,46,0,66247.27,8128.908,13289.785,44.807,3225.184,10.983,12589.763,5590.466,962.574,4754.319,3803.455,2527.409,223.420,1391.869,0.000157,-0.022492,651,0,54,25,79,54,11913,58,25,40.154
1651,55.0,2063,248,20,874,1189,0,0,540,358.33,0.849,0.995,0.182,0.054,0.329,-0.715,1.689,0.4165,2.7481,0.735,0.006,0.030,0.087,-0.038,60,69,86,0,54,0,63392.69,7839.796,11974.444,74.207,2581.117,14.559,11922.262,5184.011,890.650,4329.970,3463.976,2505.305,197.205,1177.602,0.000157,-0.024576,564,0,45,41,86,45,11687,88,41,70.634
1681,56.0,1952,271,20,852,1100,0,0,504,364.01,0.840,0.977,0.181,0.054,0.338,-0.718,1.687,0.4214,2.7297,0.729,0.004,0.034,0.089,-0.039,69,68,102,0,42,0,59563.81,7383.024,10564.002,94.996,2512.292,10.572,11256.020,4800.917,829.489,3812.256,3049.805,3008.503,78.657,1134.865,0.000149,-0.023627,527,0,52,50,102,52,11642,49,50,90.776
1711,57.0,1883,259,20,849,1034,0,0,468,330.99,0.830,0.966,0.185,0.052,0.348,-0.721,1.683,0.4270,2.7273,0.754,0.007,0.032,0.090,-0.039,72,53,76,0,41,0,56481.87,7198.797,10239.672,64.794,2338.209,11.445,10683.975,4554.106,792.500,3818.141,3054.513,2565.999,163.138,1061.856,0.000111,-0.022925,467,0,40,36,76,40,11113,16,36,61.943
1741,58.0,1844,233,20,872,972,0,0,433,331.90,0.817,0.945,0.188,0.052,0.362,-0.723,1.681,0.4282,2.7351,0.737,0.003,0.027,0.092,-0.039,69,52,50,0,39,0,54545.55,7061.305,9878.990,43.017,2312.969,13.293,10269.552,4333.947,716.383,3758.989,3007.192,1637.708,179.305,1030.938,0.000112,-0.022867,434,0,32,18,50,32,10244,18,18,39.917
1771,59.0,1779,225,20,878,901,0,0,406,366.91,0.804,0.926,0.189,0.051,0.376,-0.725,1.680,0.4286,2.7460,0.751,0.005,0.030,0.094,-0.038,61,51,44,0,42,0,53104.63,7001.534,8925.823,26.277,2256.764,12.603,9822.671,4003.832,669.877,2740.458,2192.367,1316.847,119.220,914.018,0.000131,-0.023698,436,0,26,18,44,26,9929,20,18,24.317
1801,60.0,1719,291,20,897,822,0,0,382,403.07,0.784,0.898,0.190,0.050,0.395,-0.726,1.677,0.4367,2.7421,0.751,0.003,0.029,0.097,-0.038,64,63,51,0,36,0,51312.10,7191.825,7975.514,45.505,1944.990,12.637,9324.004,3685.160,616.533,3205.381,2564.305,1758.506,138.264,841.832,0.000081,-0.023142,387,0,30,21,51,30,9328,12,21,42.354
1831,61.0,1675,322,20,900,775,0,0,360,430.69,0.772,0.882,0.192,0.050,0.405,-0.725,1.679,0.4352,2.7426,0.751,0.004,0.032,0.098,-0.037,67,48,66,0,26,0,51205.84,7287.650,8913.532,64.734,1681.492,12.062,8880.032,3410.734,580.785,3510.868,2808.694,1902.280,180.265,715.908,0.000156,-0.023278,322,0,31,35,66,31,8726,14,35,62.754
1861,62.0,1687,333,20,928,759,0,0,348,448.95,0.761,0.872,0.191,0.048,0.415,-0.728,1.682,0.4332,2.7691,0.754,0.004,0.040,0.100,-0.037,63,45,32,0,23,0,52771.34,7610.382,9307.525,34.924,1885.607,13.595,8667.413,3294.744,552.160,4030.846,3224.677,1207.161,89.546,770.140,0.000149,-0.023062,352,0,16,16,32,16,8824,23,16,33.817
1891,63.0,1707,325,20,951,756,0,0,316,437.80,0.755,0.865,0.191,0.048,0.420,-0.733,1.685,0.4350,2.7762,0.747,0.005,0.040,0.100,-0.036,66,43,45,0,23,0,54195.95,7976.111,9710.776,55.585,1990.113,12.607,8710.917,3350.889,521.957,4856.163,3884.930,1817.998,122.102,822.760,0.000105,-0.023601,360,0,20,25,45,20,8578,15,25,53.458
1921,64.0,1712,364,20,959,753,0,0,308,402.07,0.754,0.861,0.194,0.049,0.422,-0.739,1.682,0.4264,2.7729,0.737,0.008,0.039,0.101,-0.038,86,37,62,0,22,0,55161.07,8079.185,9499.266,70.387,2198.493,16.796,8643.648,3363.260,480.763,4763.509,3810.807,2250.285,112.437,880.625,0.000144,-0.025832,388,0,29,33,62,29,8473,9,33,67.927
1951,65.0,1748,396,20,979,769,0,0,290,366.61,0.752,0.863,0.196,0.051,0.423,-0.739,1.681,0.4362,2.7499,0.730,0.004,0.031,0.101,-0.038,76,33,83,0,12,0,56934.71,8517.772,10821.703,94.580,2252.201,17.687,8717.834,3341.107,458.857,6050.402,4840.322,2808.595,133.620,990.311,0.000150,-0.027015,389,0,39,44,82,39,8398,10,43,90.697
1981,66.0,1796,446,20,998,798,0,0,283,381.17,0.755,0.865,0.199,0.052,0.421,-0.740,1.677,0.4329,2.7267,0.747,0.006,0.031,0.102,-0.039,82,28,76,0,15,0,60003.13,9016.783,11806.094,92.079,2155.543,13.397,9043.661,3496.126,433.587,6214.729,4971.783,2531.676,139.073,959.468,0.000191,-0.028127,392,0,34,42,76,34,8454,38,42,89.187
2011,67.0,1880,456,20,1036,844,0,0,263,401.49,0.759,0.869,0.203,0.053,0.418,-0.741,1.683,0.4331,2.7285,0.744,0.006,0.031,0.102,-0.039,94,27,89,0,14,0,63167.30,9653.233,12897.415,90.760,2408.252,15.695,9437.928,3703.021,412.451,8113.095,6490.476,3124.889,116.628,1059.699,0.000140,-0.028399,412,0,50,39,89,50,8934,32,39,86.125
2041,68.0,1987,481,20,1069,918,0,0,263,366.33,0.766,0.880,0.203,0.053,0.409,-0.743,1.685,0.4276,2.7197,0.716,0.005,0.036,0.101,-0.039,101,21,90,0,13,0,67316.28,10338.097,13642.591,117.152,2818.844,14.899,9939.171,3892.614,398.289,8610.268,6888.214,2760.077,147.997,1088.661,0.000251,-0.031473,472,0,39,51,89,39,9724,10,50,114.704
2071,69.0,2128,471,20,1131,997,0,0,282,372.50,0.772,0.888,0.204,0.054,0.405,-0.747,1.679,0.4356,2.7136,0.704,0.009,0.033,0.100,-0.039,112,24,97,0,5,0,72503.84,10849.014,16348.242,99.609,3050.744,14.221,10704.603,4172.629,399.576,9976.487,7981.190,3112.909,434.673,1289.622,0.000178,-0.031430,520,0,52,45,97,52,10405,14,45,95.995
2101,70.0,2233,490,20,1152,1081,0,0,287,302.97,0.785,0.909,0.206,0.057,0.395,-0.751,1.681,0.4374,2.7352,0.693,0.007,0.031,0.100,-0.039,108,24,130,0,12,0,77232.50,11710.412,17523.418,170.294,3561.865,12.354,11440.036,4600.178,415.220,10251.700,8201.360,4373.680,369.668,1426.337,0.000158,-0.031723,608,0,55,75,130,55,11181,7,75,166.318
2131,71.0,2335,522,20,1164,1171,0,0,309,313.67,0.799,0.931,0.211,0.060,0.384,-0.756,1.681,0.4434,2.7585,0.672,0.005,0.032,0.099,-0.039,112,37,174,0,11,0,80633.34,12271.972,18936.725,222.614,4177.638,12.729,12268.748,5010.569,436.069,12363.476,9890.781,5711.529,437.254,1693.604,0.000184,-0.031300,688,0,78,96,174,78,11837,19,96,217.779
2161,72.0,2445,487,20,1153,1292,0,0,339,385.71,0.820,0.964,0.214,0.064,0.366,-0.759,1.680,0.4341,2.8086,0.677,0.008,0.030,0.097,-0.040,99,33,182,0,10,0,85833.46,12534.291,22501.927,201.933,4454.400,11.803,13171.464,5564.796,476.735,13206.517,10565.214,5938.029,444.315,1801.394,0.000146,-0.031901,792,0,89,93,182,89,12015,72,93,195.549
2191,73.0,2591,494,20,1171,1420,0,0,364,298.89,0.836,0.987,0.219,0.066,0.353,-0.760,1.683,0.4436,2.7926,0.661,0.007,0.027,0.095,-0.042,87,20,172,0,16,0,90351.30,13268.996,22813.644,217.217,4737.637,12.608,14187.667,6121.540,523.486,13766.416,11013.133,5933.013,341.469,1921.552,0.000137,-0.032095,859,0,83,89,172,83,12453,57,89,212.085
2221,74.0,2768,481,20,1227,1541,0,0,393,249.10,0.845,0.999,0.221,0.067,0.347,-0.765,1.680,0.4469,2.8074,0.649,0.005,0.024,0.094,-0.043,114,35,139,0,17,0,97438.95,14135.358,25552.243,120.468,5254.712,14.198,15305.788,6651.161,559.457,14401.888,11521.510,4954.858,384.546,1984.235,0.000166,-0.031988,923,0,86,53,139,86,12873,28,53,114.251
2251,75.0,2961,494,20,1249,1712,0,0,452,247.07,0.866,1.022,0.220,0.068,0.332,-0.769,1.680,0.4513,2.7916,0.665,0.006,0.027,0.092,-0.046,84,26,185,0,20,0,104031.62,15278.259,28267.491,176.434,6353.590,13.481,16780.707,7338.806,626.872,17153.103,13722.483,6211.173,290.129,2451.215,0.000228,-0.033328,1142,0,111,74,184,111,13491,108,73,168.988
2281,76.0,3202,422,20,1293,1909,0,0,509,281.94,0.883,1.041,0.223,0.067,0.319,-0.770,1.686,0.4485,2.7978,0.652,0.007,0.024,0.090,-0.046,108,40,182,0,19,0,112455.02,16773.629,31419.339,181.270,6476.350,11.050,18386.594,8196.955,709.860,19047.421,15237.937,5898.847,507.005,2442.091,0.000195,-0.034339,1177,0,98,84,181,98,15128,98,83,175.740
2311,77.0,3371,366,20,1315,2056,0,0,564,257.35,0.896,1.057,0.228,0.069,0.309,-0.774,1.692,0.4561,2.8142,0.643,0.008,0.026,0.089,-0.047,85,41,235,0,29,0,117325.81,17524.226,32553.513,217.573,8122.929,11.654,19978.562,9084.290,806.021,18679.850,14943.881,8016.511,784.973,3018.188,0.000347,-0.037950,1476,0,135,100,233,135,15866,91,98,209.460
2341,78.0,3438,329,20,1275,2163,0,0,664,261.89,0.913,1.078,0.241,0.070,0.296,-0.779,1.688,0.4519,2.8068,0.654,0.005,0.023,0.087,-0.050,70,40,309,0,33,0,119906.11,18247.108,32993.303,284.256,8029.877,10.640,21078.843,9672.855,936.926,18124.383,14499.507,9916.219,582.994,3131.654,0.000213,-0.039928,1484,0,176,133,308,176,16508,77,132,273.429
2371,79.0,3450,402,20,1240,2210,0,0,725,265.35,0.925,1.086,0.253,0.073,0.287,-0.782,1.695,0.4430,2.7918,0.647,0.005,0.020,0.087,-0.052,76,45,391,0,36,0,121499.88,18281.978,35740.502,330.937,8701.898,11.334,21785.719,10163.283,1079.132,19421.674,15537.340,11943.102,551.689,3352.387,0.000240,-0.040228,1585,0,243,148,391,243,16781,72,148,317.804
2401,80.0,3511,371,19,1220,2291,0,0,777,253.34,0.933,1.102,0.269,0.075,0.279,-0.792,1.693,0.4484,2.7983,0.652,0.006,0.024,0.086,-0.054,88,43,385,0,53,0,124294.12,18776.339,38352.954,291.462,8578.182,13.373,22383.020,10477.546,1159.651,21703.144,17362.516,12447.391,515.317,3302.966,0.000305,-0.037205,1592,0,251,134,385,251,17215,79,134,277.612
2431,81.0,3631,363,19,1215,2416,0,0,886,239.23,0.939,1.120,0.284,0.075,0.270,-0.799,1.684,0.4588,2.8222,0.642,0.007,0.022,0.085,-0.055,85,48,367,0,36,0,129523.59,19103.916,41597.921,271.532,8707.966,11.691,23145.421,10951.069,1303.868,22683.259,18146.608,12176.902,538.647,3091.339,0.000152,-0.036057,1571,0,231,136,366,231,17507,69,135,260.211
2461,82.0,3645,354,19,1150,2495,0,0,998,231.36,0.951,1.144,0.307,0.077,0.257,-0.806,1.690,0.4486,2.8258,0.671,0.004,0.022,0.083,-0.056,114,56,441,0,55,0,130772.39,19167.257,42111.609,395.014,8427.786,14.140,23836.720,11359.729,1482.704,22695.283,18156.227,15114.358,877.035,3215.480,0.000286,-0.033988,1493,0,266,175,441,266,18110,65,175,383.456
2491,83.0,3729,320,19,1139,2590,0,0,1134,211.29,0.954,1.157,0.333,0.077,0.249,-0.811,1.692,0.4601,2.8299,0.649,0.006,0.024,0.083,-0.058,92,56,377,0,49,0,135728.12,18934.326,44295.177,314.616,8448.864,10.316,24483.156,11775.333,1709.559,22316.422,17853.138,12581.853,569.050,3006.146,0.000171,-0.034705,1442,0,235,142,377,235,18508,21,142,305.028
2521,84.0,3877,329,19,1124,2753,0,0,1233,219.13,0.960,1.174,0.363,0.080,0.238,-0.819,1.694,0.4568,2.8074,0.665,0.005,0.024,0.081,-0.062,84,51,388,0,69,0,140473.19,19103.410,48242.161,287.651,9051.223,12.947,25436.119,12263.004,1943.577,26106.494,20885.195,13958.533,840.153,3225.478,0.000147,-0.034445,1534,0,254,134,388,254,19177,11,134,275.414
2551,85.0,4056,256,19,1119,2937,0,0,1402,207.31,0.963,1.187,0.393,0.080,0.228,-0.825,1.693,0.4569,2.8182,0.679,0.006,0.024,0.080,-0.064,85,49,339,0,83,0,145994.50,19733.754,48589.578,274.670,9884.241,12.481,26941.604,13109.912,2171.031,25599.412,20479.530,11704.379,830.245,3199.638,0.000215,-0.034190,1721,0,214,125,339,214,20542,15,125,263.461
2581,86.0,4208,244,19,1097,3111,0,0,1616,258.76,0.965,1.199,0.424,0.081,0.216,-0.830,1.700,0.4515,2.8204,0.658,0.002,0.030,0.079,-0.065,80,42,329,0,106,0,151646.66,19715.058,51097.920,265.891,9966.878,10.799,28226.125,13881.942,2518.491,24853.942,19883.154,11739.850,1029.567,3059.953,0.000304,-0.033502,1708,0,204,125,329,204,22327,11,125,255.494
2611,87.0,4357,235,19,1090,3266,1,0,1863,240.93,0.967,1.211,0.458,0.080,0.209,-0.835,1.699,0.4539,2.8225,0.645,0.004,0.030,0.078,-0.066,75,48,348,0,114,0,154016.53,19404.057,51699.233,261.730,9746.076,11.157,29517.548,14720.512,2919.924,26104.755,20883.804,13054.906,558.970,3002.328,0.000182,-0.032124,1689,0,236,112,348,236,23595,13,112,253.082
2641,88.0,4539,219,19,1094,3444,1,0,2079,240.43,0.966,1.224,0.484,0.081,0.202,-0.840,1.707,0.4542,2.8192,0.636,0.005,0.030,0.076,-0.068,70,48,265,0,144,0,158394.34,19272.083,52093.520,215.949,9723.947,9.005,30858.145,15146.964,3350.425,25204.373,20163.499,9638.179,592.725,2576.427,0.000291,-0.029857,1707,0,174,91,265,174,24996,20,91,208.585
2671,89.0,4664,217,19,1093,3570,1,0,2325,224.35,0.958,1.236,0.520,0.077,0.197,-0.847,1.713,0.4652,2.8307,0.625,0.005,0.033,0.076,-0.068,84,57,305,0,145,0,163272.78,19426.933,55847.539,211.119,10355.390,10.560,31900.385,15528.184,3755.683,24390.005,19512.004,10747.918,986.713,2810.274,0.000202,-0.031292,1845,0,200,105,305,200,26474,17,105,202.429
2701,90.0,4848,173,19,1109,3738,1,0,2521,214.79,0.952,1.241,0.552,0.076,0.193,-0.852,1.708,0.4646,2.8168,0.614,0.006,0.034,0.075,-0.069,72,44,253,0,203,0,167051.02,19572.704,55518.299,178.986,10091.498,11.987,32967.246,15837.070,4180.059,26610.256,21288.205,9553.660,1050.746,2580.917,0.000223,-0.032603,1849,0,168,85,253,168,27160,25,85,172.115
2731,91.0,4931,153,19,1094,3837,0,0,2776,215.32,0.952,1.247,0.576,0.074,0.187,-0.859,1.714,0.4705,2.8145,0.606,0.003,0.032,0.074,-0.070,103,46,289,0,206,0,166776.42,19581.805,54177.784,212.750,10644.278,11.840,33839.041,16134.584,4534.496,24451.915,19561.532,10603.840,1516.327,2728.256,0.000261,-0.034472,1915,0,182,107,289,182,28220,30,107,205.841
2761,92.0,4940,140,19,1056,3884,0,0,2897,222.84,0.953,1.258,0.603,0.072,0.182,-0.863,1.721,0.4757,2.8021,0.623,0.006,0.034,0.073,-0.069,82,51,265,0,255,0,166062.06,18995.493,53315.360,218.005,10729.621,10.344,34403.491,16549.382,4957.441,22640.581,18112.465,9196.627,1121.645,2486.518,0.000348,-0.038126,2122,0,154,111,265,154,29413,80,111,213.184
2791,93.0,5029,144,19,1061,3968,0,0,3096,238.02,0.950,1.261,0.628,0.072,0.180,-0.866,1.723,0.4791,2.8018,0.610,0.006,0.035,0.073,-0.069,90,54,179,0,255,0,168386.75,18739.687,53964.817,126.993,10291.062,9.645,34716.247,16755.110,5192.151,22557.774,18046.219,6298.325,827.889,2205.535,0.000335,-0.039281,1942,0,109,70,179,109,30398,16,70,123.452
2821,94.0,5051,143,19,1048,4003,0,0,3186,247.57,0.950,1.265,0.649,0.072,0.177,-0.869,1.722,0.4785,2.7918,0.621,0.006,0.037,0.073,-0.068,96,47,198,0,276,0,167577.30,18096.856,52935.226,149.953,10065.847,12.847,35263.549,16898.689,5506.557,21077.457,16861.966,7228.065,756.553,2122.589,0.000228,-0.037846,2022,0,118,80,198,118,30939,11,80,146.185
2851,95.0,5104,132,19,1026,4078,0,0,3246,256.26,0.956,1.273,0.665,0.072,0.172,-0.872,1.718,0.4815,2.7938,0.637,0.002,0.035,0.072,-0.068,91,41,149,0,296,0,167147.02,17965.884,52767.258,131.836,10243.424,12.336,35862.651,17057.971,5684.704,21245.320,16996.257,5719.494,825.446,1895.921,0.000257,-0.036625,2120,0,70,79,149,70,31554,10,79,129.417
2881,96.0,5052,112,19,1010,4042,0,0,3267,259.74,0.956,1.275,0.682,0.072,0.172,-0.875,1.718,0.4856,2.7707,0.644,0.002,0.032,0.072,-0.067,80,67,170,0,321,0,165078.98,17530.107,52545.904,135.803,9657.866,12.528,36230.178,17186.797,5769.300,20166.865,16133.492,6394.054,826.703,1839.450,0.000462,-0.032390,1981,0,97,73,170,97,32332,11,73,132.966
2911,97.0,4975,106,19,1009,3966,0,0,3266,247.22,0.956,1.271,0.693,0.071,0.174,-0.878,1.716,0.4780,2.7643,0.666,0.006,0.034,0.073,-0.066,89,53,140,0,351,0,162427.84,17611.679,50233.233,84.049,9230.749,11.993,35829.203,17064.381,5785.129,18765.647,15012.518,5718.999,716.076,1713.188,0.000327,-0.030449,1870,0,96,44,140,96,32070,12,44,81.533
2941,98.0,4900,128,19,1021,3879,0,0,3285,233.96,0.954,1.266,0.701,0.070,0.177,-0.881,1.715,0.4786,2.7444,0.663,0.003,0.035,0.074,-0.065,91,58,115,0,348,0,160894.83,17870.282,48689.280,78.714,9360.235,14.692,35236.363,16636.924,5825.699,17543.680,14034.944,4771.966,590.468,1601.137,0.000400,-0.027679,1807,0,74,41,115,74,31564,12,41,77.451
2971,99.0,4838,107,19,1057,3781,0,0,3266,267.51,0.951,1.257,0.708,0.068,0.184,-0.884,1.713,0.4763,2.7608,0.661,0.003,0.039,0.075,-0.064,88,56,120,0,354,0,158337.28,17897.974,47715.166,65.423,9477.620,15.527,34572.410,16113.038,5772.923,18631.569,14905.256,5842.149,599.316,1609.963,0.000224,-0.024881,1762,0,84,36,120,84,31344,12,36,63.372
3001,100.0,4752,114,20,1057,3695,0,0,3177,261.12,0.950,1.252,0.716,0.067,0.188,-0.886,1.715,0.4709,2.7134,0.658,0.002,0.041,0.076,-0.063,82,45,120,0,350,0,155198.17,17328.225,46201.659,105.571,9413.882,14.740,34191.904,15857.010,5663.052,17050.812,13640.650,5148.082,981.504,1522.862,0.000309,-0.023038,1829,0,66,54,120,66,31310,14,54,104.386
3031,101.0,4693,80,20,1081,3612,0,0,3110,265.40,0.946,1.244,0.721,0.067,0.194,-0.888,1.713,0.4776,2.7300,0.668,0.003,0.043,0.077,-0.062,80,50,91,0,333,0,152294.58,17151.266,44628.740,61.994,9245.689,13.152,33657.262,15389.143,5571.217,16425.348,13140.278,4545.160,854.725,1443.016,0.000317,-0.019297,1803,0,59,32,91,59,30683,27,32,61.036
3061,102.0,4570,99,20,1084,3486,0,0,3078,257.56,0.944,1.238,0.728,0.068,0.199,-0.890,1.714,0.4788,2.7182,0.675,0.002,0.043,0.078,-0.061,84,55,102,0,335,0,147950.09,16657.013,41987.845,82.007,9406.397,13.622,33027.088,15030.055,5443.419,14751.061,11800.849,4581.015,678.558,1361.009,0.000200,-0.019594,1745,0,57,45,102,57,29571,9,45,81.224
3091,103.0,4437,98,20,1086,3351,0,0,2885,251.47,0.939,1.231,0.731,0.066,0.204,-0.893,1.713,0.4794,2.7281,0.680,0.003,0.044,0.080,-0.060,90,43,130,0,329,0,142130.30,16475.206,39910.380,84.518,8756.429,14.775,32261.709,14660.115,5263.382,14550.216,11640.173,5122.966,745.784,1325.888,0.000226,-0.021727,1676,0,82,48,130,82,28817,3,48,83.666
3121,104.0,4344,72,20,1118,3226,0,0,2743,259.70,0.933,1.218,0.729,0.064,0.214,-0.895,1.714,0.4735,2.7033,0.697,0.002,0.049,0.082,-0.059,82,55,72,0,310,0,139793.41,16092.097,38876.292,32.460,7907.598,15.538,31128.357,13936.973,4915.026,13526.928,10821.543,2955.382,590.475,1106.149,0.000257,-0.021778,1548,0,53,19,72,53,28370,7,19,32.047
3151,105.0,4184,103,20,1123,3061,0,0,2567,260.92,0.926,1.208,0.732,0.063,0.221,-0.897,1.718,0.4760,2.7112,0.683,0.004,0.050,0.083,-0.059,89,51,96,0,314,0,134529.58,15799.984,34727.907,70.448,8315.019,14.391,30211.376,13259.012,4593.496,11963.050,9570.440,3478.341,710.184,1217.145,0.000191,-0.021489,1591,0,56,40,96,56,28124,28,40,69.909
3181,106.0,4076,88,20,1134,2942,0,0,2459,310.82,0.924,1.198,0.733,0.063,0.229,-0.899,1.722,0.4807,2.6950,0.695,0.004,0.052,0.085,-0.059,83,62,53,0,286,0,130830.49,15306.938,33830.404,69.464,7969.670,15.072,29165.362,12462.431,4344.196,11647.961,9318.369,2893.946,693.096,1017.270,0.000169,-0.020930,1530,0,24,29,53,24,27929,9,29,69.009
3211,107.0,3923,91,20,1146,2777,0,0,2323,315.45,0.916,1.186,0.735,0.061,0.239,-0.901,1.725,0.4767,2.6908,0.715,0.003,0.055,0.087,-0.059,86,69,46,0,287,0,125998.05,15180.320,30352.911,62.349,7820.026,16.811,28232.642,11964.277,4130.818,9840.937,7872.750,2580.982,598.638,952.482,0.000300,-0.023026,1468,0,19,27,46,19,26948,12,27,61.916
3241,108.0,3857,77,20,1157,2700,0,0,2227,323.67,0.912,1.178,0.738,0.061,0.245,-0.903,1.724,0.4788,2.6720,0.719,0.003,0.057,0.088,-0.058,72,63,25,0,231,0,121301.07,14741.548,28310.302,33.000,7510.765,14.507,27284.324,11489.569,3869.923,10077.175,8061.740,1837.767,403.881,880.929,0.000407,-0.019567,1397,0,7,18,25,7,26575,25,18,32.887
3271,109.0,3710,79,20,1179,2531,0,0,2167,305.41,0.899,1.159,0.739,0.060,0.257,-0.904,1.728,0.4801,2.6887,0.699,0.002,0.054,0.091,-0.057,82,69,22,0,256,0,114569.16,14031.901,25551.806,28.800,7494.558,16.164,26421.581,10954.897,3758.730,7791.847,6233.478,2215.934,611.508,823.405,0.000170,-0.019026,1433,0,7,15,22,7,26213,6,15,28.686
3301,110.0,3552,88,19,1186,2366,0,0,2099,294.58,0.888,1.143,0.740,0.059,0.269,-0.905,1.732,0.4715,2.6736,0.686,0.004,0.060,0.093,-0.055,81,54,27,0,266,0,108512.76,13292.565,24397.989,30.648,6973.172,16.049,25141.379,10206.375,3606.836,7540.194,6032.155,1963.185,588.347,763.432,0.000216,-0.018852,1366,0,11,16,27,11,25896,24,16,30.507
3331,111.0,3442,68,19,1190,2252,0,0,2026,344.22,0.881,1.132,0.738,0.058,0.277,-0.907,1.732,0.4757,2.6590,0.704,0.003,0.064,0.095,-0.055,62,67,11,0,210,0,102127.43,12854.598,21597.827,11.288,7014.305,18.233,24181.792,9678.768,3486.542,7232.302,5785.842,1066.530,260.800,728.148,0.000192,-0.018111,1457,0,4,7,10,4,25207,14,6,11.179
3361,112.0,3256,61,19,1195,2061,0,0,1907,333.38,0.866,1.112,0.735,0.058,0.292,-0.907,1.732,0.4769,2.6492,0.726,0.001,0.067,0.098,-0.053,77,71,28,0,231,0,96257.30,12510.620,20346.888,26.485,5867.427,15.612,22872.862,9027.632,3282.928,5757.832,4606.266,1482.286,319.991,616.855,0.000271,-0.018020,1282,0,14,14,28,14,24778,9,14,26.346
3391,113.0,3085,64,19,1191,1894,0,0,1752,364.16,0.854,1.093,0.730,0.057,0.306,-0.909,1.738,0.4753,2.6552,0.733,0.002,0.070,0.100,-0.053,71,71,22,0,214,0,91134.00,12292.195,18619.271,19.076,5553.360,14.429,21402.841,8149.452,3078.773,5469.113,4375.291,1327.571,414.151,587.237,0.000192,-0.017861,1212,0,11,11,22,11,23609,7,11,19.047
3421,114.0,2911,83,19,1186,1725,0,0,1661,376.02,0.837,1.072,0.727,0.055,0.321,-0.911,1.737,0.4823,2.7037,0.723,0.001,0.072,0.104,-0.052,75,72,18,0,191,0,86290.19,11555.360,17323.399,20.109,5090.430,16.374,20137.470,7522.962,2857.534,4255.567,3404.453,1417.490,417.299,538.817,0.000191,-0.016913,1051,0,8,10,18,8,22958,17,10,20.069
3451,115.0,2788,72,19,1182,1606,0,0,1526,382.83,0.826,1.056,0.723,0.053,0.333,-0.912,1.736,0.4784,2.7176,0.733,0.003,0.075,0.106,-0.051,83,55,13,0,169,0,81751.09,11083.683,15616.234,12.394,4513.329,19.299,18880.759,6986.725,2673.235,4613.342,3690.674,1064.107,299.098,424.813,0.000188,-0.015836,926,0,3,10,13,3,22582,11,10,12.270
3481,116.0,2674,59,19,1171,1503,0,0,1363,354.49,0.816,1.041,0.718,0.053,0.344,-0.913,1.735,0.4724,2.6275,0.745,0.001,0.077,0.108,-0.050,92,51,19,0,151,0,78133.20,10727.022,15376.249,24.703,4575.057,17.981,17894.272,6561.188,2402.481,4268.420,3414.736,1175.864,400.361,458.022,0.000144,-0.016091,918,0,6,13,19,6,21785,9,13,24.691
3511,117.0,2551,73,19,1173,1378,0,0,1204,406.63,0.797,1.018,0.714,0.051,0.360,-0.913,1.736,0.4764,2.6825,0.745,0.001,0.078,0.110,-0.050,74,66,17,0,126,0,73280.78,10493.969,12355.281,12.484,4084.553,18.305,16969.057,6154.833,2128.807,3251.304,2601.043,1068.493,281.828,460.872,0.000151,-0.015872,841,0,8,9,17,8,21316,37,9,12.467
3541,118.0,2444,78,19,1184,1260,0,0,1090,411.50,0.778,0.993,0.711,0.050,0.378,-0.914,1.736,0.4728,2.7212,0.746,0.001,0.081,0.114,-0.049,85,61,12,0,131,0,70052.21,10441.422,12454.650,8.721,3691.415,19.457,15950.093,5775.443,1888.569,3738.646,2990.917,1139.844,224.665,407.018,0.000154,-0.015106,773,0,9,3,12,9,20992,34,3,8.703
3571,119.0,2371,78,19,1182,1189,0,0,1000,415.73,0.765,0.979,0.707,0.050,0.388,-0.915,1.736,0.4746,2.7094,0.744,0.001,0.085,0.116,-0.048,89,53,10,0,107,0,69600.53,10313.009,13129.861,21.750,3582.070,21.825,15014.399,5146.077,1691.194,3731.807,2985.446,705.034,264.640,348.597,0.000164,-0.013990,705,0,1,9,10,1,20418,18,9,21.750
3601,120.0,2323,77,18,1184,1139,0,0,937,411.62,0.754,0.970,0.701,0.050,0.396,-0.916,1.737,0.4736,2.7341,0.742,0.002,0.083,0.118,-0.047,80,43,6,0,83,0,69061.54,10195.282,12099.816,5.156,3590.005,23.382,14563.795,5005.596,1581.277,3244.795,2595.836,401.473,266.425,371.721,0.000270,-0.015599,664,0,1,5,6,1,20694,19,5,5.154
3631,121.0,2320,80,18,1201,1119,0,0,850,421.36,0.742,0.963,0.699,0.049,0.401,-0.918,1.737,0.4757,2.7420,0.741,0.002,0.086,0.118,-0.046,80,48,2,0,69,0,69581.04,10352.692,12599.818,0.027,3546.316,19.749,14284.240,4880.327,1440.845,4321.040,3456.832,376.851,270.841,315.718,0.000190,-0.016137,665,0,2,0,2,2,20857,8,0,0.000
3661,122.0,2314,86,18,1218,1096,0,0,779,434.79,0.735,0.953,0.696,0.049,0.408,-0.919,1.740,0.4747,2.7662,0.733,0.001,0.089,0.120,-0.045,90,43,2,0,72,0,70009.53,10549.954,12018.367,0.002,3393.479,20.422,14048.642,4809.790,1298.171,4077.022,3261.618,600.557,269.372,297.896,0.000189,-0.017708,633,0,2,0,2,2,20966,15,0,0.000
3691,123.0,2339,72,18,1244,1095,0,0,784,474.47,0.730,0.947,0.693,0.048,0.412,-0.920,1.740,0.4776,2.7885,0.729,0.004,0.088,0.120,-0.044,86,54,9,0,46,0,70589.80,10922.221,12255.881,17.623,3589.523,21.071,14088.492,4788.802,1238.815,5003.873,4003.099,685.234,476.770,336.569,0.000165,-0.018595,638,0,3,6,9,3,21089,12,6,17.623
3721,124.0,2347,97,18,1261,1086,0,0,746,475.96,0.725,0.943,0.691,0.048,0.416,-0.920,1.742,0.4746,2.7518,0.728,0.002,0.087,0.121,-0.044,81,48,15,0,56,0,72218.65,11164.581,12988.430,6.492,3954.756,20.263,14132.566,4737.887,1200.232,4906.737,3925.390,665.121,423.512,389.989,0.000186,-0.020293,653,0,12,3,15,12,21210,18,3,6.414
3751,125.0,2375,98,18,1279,1096,0,0,716,485.76,0.727,0.943,0.687,0.048,0.417,-0.919,1.744,0.4771,2.7393,0.708,0.003,0.093,0.122,-0.043,107,33,22,0,53,0,75369.47,11503.288,14726.552,17.686,3904.464,22.399,14127.559,4733.801,1136.393,5241.068,4192.855,1109.978,500.831,439.930,0.000200,-0.021957,695,0,15,7,22,15,21285,47,7,17.612
3781,126.0,2437,112,18,1304,1133,0,0,721,427.39,0.728,0.945,0.687,0.049,0.415,-0.919,1.744,0.4762,2.7677,0.693,0.003,0.094,0.121,-0.043,100,45,34,0,40,0,77784.20,11858.287,15003.200,29.692,3691.095,22.744,14507.755,4853.121,1132.927,6885.672,5508.538,1554.932,618.243,432.333,0.000196,-0.022213,672,0,22,12,33,22,21947,43,11,29.524
3811,127.0,2557,96,18,1357,1200,0,0,771,408.04,0.729,0.950,0.681,0.050,0.412,-0.920,1.744,0.4744,2.8410,0.715,0.001,0.095,0.121,-0.043,103,38,11,0,38,0,82954.33,12629.205,17142.531,7.002,4700.609,20.538,15015.717,5141.847,1150.023,7726.981,6181.585,643.060,637.889,474.678,0.000141,-0.022156,785,0,6,5,11,6,22913,38,5,6.975
3841,128.0,2671,130,18,1400,1271,0,0,771,436.80,0.734,0.956,0.682,0.050,0.408,-0.920,1.746,0.4774,2.8372,0.699,0.004,0.093,0.120,-0.043,94,33,29,0,41,0,87726.31,13840.535,17363.941,39.773,4583.104,23.502,15687.287,5446.810,1186.287,8180.285,6544.228,1139.319,941.600,434.900,0.000169,-0.022669,739,0,12,17,29,12,23871,5,17,39.674
3871,129.0,2809,144,18,1453,1356,0,0,793,427.07,0.739,0.963,0.680,0.050,0.403,-0.922,1.745,0.4747,2.8427,0.689,0.006,0.088,0.118,-0.044,95,31,25,0,52,0,93598.42,14756.140,19950.212,31.277,5366.418,23.892,16560.865,5797.388,1221.183,9261.833,7409.466,1582.249,1284.546,566.923,0.000155,-0.023127,891,0,12,13,25,12,24889,24,13,31.098
3901,130.0,3023,153,18,1537,1486,0,0,882,354.61,0.747,0.972,0.681,0.053,0.397,-0.923,1.744,0.4791,2.8609,0.677,0.007,0.087,0.117,-0.045,127,35,29,0,34,0,101708.52,15987.302,22848.818,20.169,6194.029,27.125,17742.983,6324.372,1276.582,11658.524,9326.819,1259.029,1192.942,618.572,0.000219,-0.022154,996,0,19,10,29,19,25982,22,10,20.051
3931,131.0,3268,133,18,1623,1645,0,0,980,312.89,0.754,0.985,0.681,0.053,0.389,-0.924,1.744,0.4840,2.8360,0.655,0.005,0.078,0.115,-0.044,141,35,36,0,59,0,109611.10,17287.336,25316.051,30.081,6919.673,22.998,19413.085,7162.957,1435.452,14170.975,11336.780,1989.954,1156.750,738.495,0.000217,-0.023991,1187,0,25,11,36,25,27879,48,11,29.928
3961,132.0,3510,139,18,1681,1829,0,0,1116,354.20,0.768,1.004,0.682,0.054,0.376,-0.925,1.747,0.4849,2.8556,0.646,0.004,0.073,0.113,-0.045,117,33,60,0,43,0,118318.38,18489.747,28023.720,50.927,7766.128,22.723,21143.499,7984.718,1635.803,14595.339,11676.271,2104.568,1277.309,792.161,0.000158,-0.024027,1313,0,37,23,60,37,29699,41,23,50.761
3991,133.0,3778,144,18,1762,2016,0,0,1286,380.04,0.783,1.019,0.680,0.055,0.368,-0.926,1.749,0.4854,2.8550,0.643,0.006,0.067,0.111,-0.046,109,35,55,0,60,0,126271.73,20004.400,29378.351,53.262,9190.892,24.385,23063.100,8856.527,1885.760,16294.644,13035.716,2422.245,1051.744,944.351,0.000256,-0.025379,1538,0,30,25,55,30,31731,52,25,53.062
4021,134.0,4071,125,18,1829,2242,0,0,1501,318.29,0.803,1.038,0.682,0.057,0.356,-0.927,1.749,0.4891,2.8434,0.629,0.003,0.061,0.109,-0.047,137,38,53,0,67,0,135641.19,21397.247,33381.720,63.370,10686.727,23.898,25152.980,9875.475,2170.726,17997.319,14397.855,2274.350,1381.494,1018.382,0.000220,-0.024973,1826,0,29,24,52,28,33480,59,24,60.646
4051,135.0,4352,131,20,1909,2443,0,0,1762,309.98,0.817,1.048,0.683,0.059,0.348,-0.927,1.746,0.4899,2.8301,0.628,0.003,0.054,0.107,-0.047,143,20,60,0,83,0,142601.16,22828.688,33861.484,39.960,11349.875,21.198,27526.477,10867.456,2580.597,17406.501,13925.201,2617.691,1504.730,1191.921,0.000248,-0.022841,2081,0,40,20,60,40,35114,57,20,39.726
4081,136.0,4640,133,20,1990,2650,0,0,2041,242.51,0.828,1.059,0.686,0.060,0.342,-0.928,1.745,0.4879,2.8011,0.618,0.003,0.054,0.106,-0.047,111,41,39,0,117,0,152289.44,24771.940,38198.631,21.053,12849.531,21.417,29752.117,11769.752,3030.851,19455.546,15564.437,2459.463,1210.385,1189.666,0.000210,-0.021999,2304,0,29,10,39,29,36431,33,10,20.777
4111,137.0,4934,112,20,2060,2874,0,0,2252,324.51,0.841,1.071,0.690,0.061,0.334,-0.928,1.748,0.4918,2.8243,0.613,0.001,0.055,0.105,-0.048,114,23,61,0,146,0,162232.28,26492.391,41538.686,72.281,14026.661,20.594,32068.852,12770.258,3435.557,20922.239,16737.791,2988.354,1448.632,1264.412,0.000236,-0.023607,2599,0,29,32,60,29,38538,79,31,72.052
4141,138.0,5166,102,20,2125,3041,0,0,2579,272.48,0.855,1.077,0.691,0.061,0.330,-0.929,1.749,0.4937,2.8049,0.617,0.002,0.053,0.105,-0.048,104,34,86,0,157,0,170504.12,28581.751,42327.679,74.347,16499.200,18.079,34350.054,13724.269,3874.155,20786.151,16628.921,3976.319,1138.518,1491.390,0.000202,-0.023605,3102,0,53,33,86,53,39972,85,33,73.874
4171,139.0,5428,90,20,2173,3255,0,0,2894,319.76,0.872,1.088,0.694,0.061,0.322,-0.930,1.749,0.4960,2.7420,0.599,0.001,0.047,0.103,-0.048,122,34,99,0,176,0,177522.83,30342.042,44832.656,103.118,16773.733,17.517,36687.990,14794.709,4470.177,23528.276,18822.621,5096.919,1021.915,1481.744,0.000238,-0.024313,3250,0,51,48,97,51,41307,27,46,102.514
4201,140.0,5629,91,20,2193,3436,0,0,3281,368.05,0.887,1.098,0.696,0.062,0.315,-0.931,1.748,0.4940,2.7295,0.596,0.002,0.044,0.102,-0.049,105,35,103,0,181,0,184209.25,31862.604,46012.619,112.749,18206.934,20.544,38809.599,15718.828,5073.012,21399.678,17119.742,4719.521,1063.874,1636.782,0.000254,-0.024762,3550,0,48,55,99,48,42472,32,51,112.374
4231,141.0,5838,98,20,2223,3615,0,0,3653,367.24,0.904,1.108,0.699,0.062,0.309,-0.932,1.749,0.4934,2.7104,0.598,0.000,0.045,0.102,-0.050,123,41,97,0,218,0,191114.45,33086.139,49404.092,96.360,20262.696,19.122,40865.952,16744.643,5777.265,23631.819,18905.455,4841.868,1109.324,1615.972,0.000199,-0.023302,4006,0,46,51,97,46,43616,27,51,96.123
4261,142.0,5997,87,20,2242,3755,0,0,3937,313.21,0.918,1.115,0.702,0.062,0.304,-0.933,1.751,0.4974,2.6967,0.609,0.002,0.047,0.101,-0.050,107,31,86,0,252,0,196235.58,34059.974,49025.018,99.088,20539.418,20.062,43050.166,17582.082,6449.517,22231.183,17784.947,3924.304,986.016,1624.644,0.000232,-0.025368,4375,0,31,55,84,30,44024,76,54,96.287
4291,143.0,6000,78,20,2219,3781,0,0,4134,308.03,0.930,1.119,0.705,0.063,0.302,-0.934,1.753,0.4930,2.6639,0.593,0.011,0.067,0.101,-0.051,106,29,104,0,286,0,204687.19,35126.015,53979.307,86.009,20287.223,18.557,44157.722,17742.842,6950.817,18179.064,14543.251,4939.587,1582.040,1730.888,0.000282,-0.027535,4382,0,54,50,104,54,44558,69,50,85.634
4321,144.0,5997,102,20,2185,3812,0,0,4324,383.01,0.943,1.123,0.708,0.063,0.298,-0.934,1.751,0.4964,2.6594,0.614,0.013,0.083,0.100,-0.052,74,30,120,0,273,0,209842.52,35845.484,52160.719,122.516,20937.407,19.971,44741.661,17935.151,7325.163,18140.691,14512.553,5922.596,1713.929,1706.759,0.000286,-0.029571,4275,0,54,66,120,54,44573,75,66,122.253
4351,145.0,5997,106,20,2160,3837,0,0,4370,326.05,0.952,1.126,0.710,0.063,0.295,-0.935,1.753,0.4983,2.6216,0.606,0.014,0.092,0.100,-0.051,101,17,119,0,300,0,215972.88,35938.702,54988.029,101.562,21872.469,18.180,45255.056,18161.795,7561.511,18917.284,15133.827,5939.431,2346.425,1850.243,0.000375,-0.033781,4452,0,61,58,118,61,44193,52,57,101.009
4381,146.0,6000,88,20,2150,3850,0,0,4461,302.48,0.960,1.126,0.712,0.063,0.294,-0.936,1.752,0.4976,2.5908,0.628,0.022,0.115,0.100,-0.051,85,31,73,0,295,0,226229.72,37081.196,58920.792,46.384,22166.763,18.105,45733.087,18322.366,7762.163,17680.597,14144.478,5755.178,2963.841,1718.781,0.000527,-0.039030,4437,0,42,31,73,42,43906,61,31,46.058
4411,147.0,6000,74,20,2115,3885,0,0,4468,391.57,0.969,1.132,0.714,0.064,0.290,-0.937,1.753,0.4998,2.5620,0.632,0.025,0.128,0.100,-0.052,86,16,109,1,286,0,232851.33,37368.731,57219.774,78.763,22981.386,19.487,46197.337,18384.434,7883.517,18197.204,14557.763,6837.640,3236.389,1866.891,0.000483,-0.042130,4431,0,60,49,108,60,43598,47,48,78.152
4441,148.0,5996,79,20,2088,3908,0,0,4487,329.52,0.978,1.137,0.714,0.065,0.287,-0.938,1.754,0.4998,2.5722,0.625,0.026,0.147,0.099,-0.053,78,16,98,0,265,0,241571.25,36905.522,60655.512,90.110,22712.363,18.994,46657.608,18461.521,7903.749,16724.566,13379.653,6785.388,4013.466,1764.573,0.000500,-0.047447,4282,0,53,45,98,53,43314,47,45,89.842
4471,149.0,5997,72,20,2071,3926,0,0,4487,329.95,0.984,1.140,0.717,0.064,0.285,-0.938,1.754,0.5008,2.5509,0.636,0.033,0.178,0.099,-0.053,76,11,61,0,277,0,249811.66,36980.586,60987.188,72.897,22836.226,20.615,47058.678,18428.487,7985.769,15467.560,12374.049,6671.071,4802.645,1760.091,0.000437,-0.052633,4315,0,29,32,60,29,42954,33,31,72.619
4501,150.0,6000,79,24,2051,3949,0,0,4461,355.26,0.991,1.142,0.718,0.065,0.282,-0.938,1.756,0.5003,2.5579,0.634,0.037,0.191,0.099,-0.054,87,11,68,0,251,0,257013.25,37027.480,60551.918,62.404,23919.782,19.849,47402.339,18488.609,7910.380,14666.659,11733.327,6177.223,5728.943,1799.384,0.000634,-0.056787,4485,0,32,36,67,32,42430,25,35,62.203
4531,151.0,5996,86,24,2033,3963,0,0,4417,371.23,0.997,1.144,0.719,0.066,0.280,-0.938,1.755,0.4949,2.5324,0.638,0.040,0.206,0.099,-0.054,97,20,80,0,244,0,261715.80,36820.318,59979.432,77.542,23413.060,18.619,47814.833,18623.210,7901.982,15040.393,12032.315,6896.982,6124.500,1805.148,0.000633,-0.063110,4392,0,39,41,80,39,42047,41,41,77.421
4561,152.0,5995,76,24,1983,4012,0,0,4417,423.04,1.009,1.153,0.721,0.067,0.274,-0.939,1.754,0.4994,2.5286,0.651,0.038,0.213,0.098,-0.054,80,20,104,0,246,0,264945.50,36433.320,61252.683,100.713,23539.393,18.693,48317.826,18789.019,7910.318,16867.864,13494.291,6900.298,7380.585,1885.410,0.000658,-0.065233,4484,0,54,50,104,54,41765,53,50,100.629
4591,153.0,6000,66,24,1941,4059,0,0,4381,431.46,1.020,1.160,0.724,0.068,0.269,-0.939,1.757,0.4964,2.5095,0.653,0.036,0.202,0.097,-0.055,90,23,108,0,257,0,265649.47,35843.114,60661.254,96.146,23825.392,20.154,48859.211,19117.014,7863.541,17639.520,14111.616,7316.794,7378.812,1833.263,0.000362,-0.064856,4470,0,54,54,108,54,40932,17,54,95.817
4621,154.0,5999,78,24,1894,4105,0,0,4445,412.50,1.030,1.169,0.727,0.068,0.263,-0.939,1.757,0.4991,2.5147,0.656,0.032,0.198,0.096,-0.055,78,19,105,0,237,0,264468.56,34912.775,59719.075,84.869,23655.465,18.575,49374.647,19436.970,7904.232,16226.800,12981.440,7736.019,6291.815,1908.589,0.000303,-0.065051,4545,0,53,52,105,53,40707,52,52,84.614
4651,155.0,6000,66,24,1833,4167,0,0,4351,423.87,1.043,1.179,0.731,0.068,0.256,-0.940,1.760,0.4953,2.5005,0.668,0.033,0.181,0.095,-0.055,74,23,102,1,258,0,260079.22,34194.766,57855.192,104.570,22317.417,19.217,50074.544,19563.449,7872.637,17786.642,14229.314,7310.001,6469.608,1696.291,0.000320,-0.064658,4325,0,49,53,102,49,40554,21,53,103.677
4681,156.0,6000,79,24,1785,4215,0,0,4272,427.63,1.054,1.186,0.733,0.069,0.250,-0.940,1.758,0.5025,2.4794,0.681,0.029,0.162,0.094,-0.055,72,25,101,0,281,0,253264.02,32465.933,56288.605,99.293,21277.836,19.565,50653.472,19675.763,7721.502,18503.958,14803.167,7523.990,4680.657,1712.858,0.000346,-0.066008,4214,0,51,50,101,51,39919,27,50,98.158
4711,157.0,6000,58,24,1729,4271,0,0,4269,413.31,1.067,1.195,0.734,0.070,0.244,-0.941,1.758,0.4983,2.4679,0.674,0.024,0.137,0.093,-0.056,64,31,114,0,295,0,245071.00,31102.976,56555.863,101.355,21226.055,17.342,51254.693,19775.736,7663.217,20257.332,16205.866,7751.105,3825.049,1631.952,0.000376,-0.062490,4229,0,57,57,114,57,39339,9,57,100.175
4741,158.0,6000,60,24,1706,4294,0,0,4285,320.61,1.073,1.200,0.735,0.070,0.241,-0.941,1.758,0.4965,2.4683,0.665,0.009,0.104,0.092,-0.057,65,33,82,0,328,0,234490.17,29251.491,53898.527,60.641,19813.330,17.438,51812.979,19838.546,7679.939,20229.012,16183.210,6108.139,2851.408,1454.667,0.000334,-0.060774,4126,0,48,34,82,48,38172,15,34,59.626
4771,159.0,5998,55,24,1658,4340,0,0,4228,424.42,1.084,1.206,0.736,0.071,0.235,-0.942,1.759,0.4986,2.4353,0.684,0.008,0.077,0.091,-0.056,77,32,80,0,329,0,221862.45,28374.565,51931.315,58.372,18419.828,16.652,52254.116,20021.489,7642.998,20300.109,16240.088,5461.137,2251.741,1300.473,0.000271,-0.059335,4072,0,41,39,80,41,37209,14,39,57.725
4801,160.0,5992,51,24,1646,4346,0,0,4215,432.29,1.090,1.208,0.736,0.071,0.234,-0.943,1.760,0.4998,2.4356,0.680,0.000,0.035,0.091,-0.057,70,41,63,0,387,0,205808.27,27287.325,48751.311,48.361,18084.394,16.970,52617.816,20198.199,7576.631,22236.743,17789.395,4960.463,1094.119,1246.603,0.000473,-0.061893,4108,0,32,31,63,32,37074,19,31,48.139
4831,161.0,5829,52,24,1623,4206,0,0,4179,358.33,1.087,1.202,0.737,0.071,0.237,-0.944,1.760,0.4962,2.4004,0.680,0.000,0.034,0.092,-0.057,68,49,62,0,386,0,189370.11,25890.414,45832.937,49.649,16508.982,15.955,52104.281,19727.534,7500.850,15295.154,12236.123,4072.989,640.630,1105.849,0.000339,-0.063360,3896,0,25,37,60,25,36851,16,35,49.528
4861,162.0,5548,54,24,1584,3964,0,0,4063,406.92,1.085,1.195,0.738,0.071,0.242,-0.944,1.763,0.4962,2.4193,0.681,0.000,0.030,0.093,-0.057,73,54,56,1,442,0,177176.56,24820.912,47147.638,42.460,15687.114,16.192,50353.936,18881.996,7362.269,12513.247,10010.597,3557.816,507.511,1038.378,0.000310,-0.064866,3900,0,21,35,56,21,35364,20,35,42.432
4891,163.0,5255,53,24,1561,3694,0,0,3824,406.42,1.075,1.183,0.739,0.070,0.251,-0.944,1.764,0.4951,2.4027,0.699,0.001,0.034,0.095,-0.057,74,57,44,0,443,0,163364.16,23558.886,42704.064,32.397,13546.233,17.534,47719.119,17657.222,7004.968,11466.481,9173.185,3844.324,682.463,906.364,0.000198,-0.064939,3467,0,22,22,44,22,34458,6,22,32.223
4921,164.0,4926,48,24,1521,3405,0,0,3486,424.05,1.066,1.171,0.736,0.070,0.260,-0.944,1.769,0.4929,2.3812,0.694,0.001,0.035,0.097,-0.056,57,50,48,0,484,0,152829.62,22842.526,41556.718,35.508,12626.338,18.363,44618.253,16318.309,6499.201,11601.172,9280.937,3889.401,489.925,833.958,0.000376,-0.065682,3083,0,23,25,48,23,32860,10,25,35.460
4951,165.0,4640,48,24,1480,3160,0,0,3207,422.10,1.059,1.159,0.734,0.069,0.267,-0.945,1.768,0.4931,2.3490,0.713,0.000,0.037,0.098,-0.055,64,56,66,0,387,0,142397.77,21217.359,37545.394,45.490,12455.094,14.220,41934.298,14980.536,5931.891,10369.849,8295.880,3033.932,442.238,843.234,0.000227,-0.065029,3134,0,27,39,66,27,31404,19,39,45.394
4981,166.0,4369,67,24,1452,2917,0,0,2949,445.14,1.047,1.146,0.735,0.068,0.277,-0.945,1.770,0.4903,2.3609,0.724,0.001,0.039,0.100,-0.055,65,48,45,0,386,0,134196.44,20357.378,35870.724,30.205,10636.154,17.871,39425.128,13868.931,5488.052,9531.844,7625.475,2592.135,484.143,694.872,0.000248,-0.063598,2644,0,20,25,45,20,29886,13,25,30.153
