tick,sim_second,organisms,food,species,plants,grazers,hunters,omnivores,infected,avg_lifespan,avg_body_size,avg_speed,avg_armor,avg_attack,avg_photo,avg_diet,avg_photo_area,avg_speed_plants,avg_speed_eaters,avg_light_share,ready_share_plants,ready_share_eaters,avg_disease_resistance,avg_symbiosis_rate,symbiotic_pairs,deaths_starvation,deaths_predation,deaths_old_age,deaths_disease,deaths_event,energy_total,flow_photosynthesis,flow_food,flow_predation,flow_grazing,flow_symbiosis,flow_metabolism,flow_movement,flow_disease,flow_reproduction_spent,flow_reproduction_received,flow_death,flow_clamp,flow_digestion,ledger_max_residual,ledger_cumulative_residual,grazes_eat,grazes_attack,kills_consumer,kills_plant,grazer_kills,grazer_kills_consumer,attacks_no_plant_in_reach,grazes_eat_by_plant,kills_plant_by_consumer,plant_kill_energy_consumer,hunter_intents,hunter_strikes,hunter_consumer_in_reach,hunter_kills_consumer,hunter_rejected_size,hunter_rejected_damage,hunter_rejected_both
31,1.0,514,10535,0,147,170,93,104,1,13.66,0.941,0.893,0.158,0.141,0.202,-0.167,1.592,0.3148,1.4020,0.803,0.422,0.155,0.094,0.021,41,0,41,0,0,0,28576.13,1377.051,11233.180,909.965,94.325,9.443,2585.088,754.056,0.094,6273.357,5018.686,940.652,1420.878,1372.630,0.000098,-0.000737,57,0,32,9,14,10,3871,26,7,120.143,903,100,67,15,3,49,0
61,2.0,779,8646,0,149,412,92,126,2,19.93,1.035,1.044,0.150,0.114,0.146,-0.412,1.572,0.3168,1.6236,0.837,0.490,0.105,0.082,0.042,61,0,27,0,0,0,40105.02,1338.041,21257.593,372.539,127.879,16.729,3801.204,1158.428,1.529,12639.534,10111.627,423.753,2435.181,1091.292,0.000166,-0.001474,78,0,20,7,12,10,6135,65,7,93.731,878,43,38,2,0,31,5
91,3.0,1234,6197,0,151,851,91,141,4,28.42,1.117,1.171,0.143,0.091,0.105,-0.573,1.569,0.3210,1.8899,0.829,0.444,0.071,0.073,0.053,81,0,62,0,0,0,59533.12,1356.271,37371.875,875.885,368.015,18.350,6813.147,2460.601,3.500,22805.131,18244.105,867.612,3181.342,2288.695,0.000207,-0.002803,54,0,55,7,31,30,10779,0,5,40.172,843,88,61,20,0,36,5
121,4.0,2016,2929,0,150,1609,90,167,9,38.10,1.175,1.272,0.134,0.072,0.078,-0.667,1.565,0.3387,2.1148,0.825,0.313,0.055,0.068,0.058,95,12,94,0,0,0,89461.51,1406.782,61176.086,1535.926,1138.777,20.159,11927.933,4941.373,7.623,39604.014,31683.212,1522.292,4854.565,3015.823,0.000189,-0.002760,169,0,90,4,48,46,17829,20,4,75.719,842,243,222,23,2,180,17
151,5.0,2408,1010,17,149,2004,84,171,18,65.58,1.196,1.304,0.135,0.067,0.071,-0.700,1.564,0.3410,2.2241,0.848,0.208,0.050,0.066,0.060,128,47,99,0,0,0,96708.51,1419.019,43541.150,1393.163,1400.456,24.533,17464.691,7708.374,19.753,24157.173,19325.738,1363.375,4398.354,3320.349,0.000227,-0.002476,199,0,88,11,44,39,26546,1,8,176.656,808,229,219,25,0,170,24
181,6.0,2393,402,17,154,2014,74,151,32,89.55,1.198,1.306,0.134,0.064,0.071,-0.710,1.545,0.3494,2.2580,0.811,0.143,0.043,0.065,0.060,138,103,159,0,1,0,84364.02,1402.229,21406.198,2454.868,1289.163,23.811,19218.072,8262.998,42.251,11288.899,9031.119,2537.109,1056.943,4232.637,0.000151,-0.002193,232,0,141,18,39,39,30078,30,2,7.782,751,187,160,16,0,114,30
211,7.0,2145,246,17,148,1808,57,132,38,100.17,1.190,1.303,0.129,0.057,0.074,-0.716,1.527,0.3594,2.2549,0.863,0.135,0.044,0.065,0.060,95,235,132,0,5,0,69757.95,1436.391,15369.287,1751.543,875.954,19.704,18190.209,7592.528,65.249,5581.328,4465.062,1706.477,814.269,3678.288,0.000204,-0.001751,172,0,114,18,46,43,28268,15,6,103.968,590,171,125,20,0,83,22
241,8.0,1805,296,17,140,1515,45,105,29,132.00,1.177,1.294,0.122,0.057,0.079,-0.719,1.557,0.3523,2.2690,0.876,0.136,0.045,0.066,0.061,73,296,119,0,9,0,58594.45,1403.023,13565.057,1388.065,613.647,15.015,15486.805,6348.071,63.583,3797.070,3037.656,1363.727,547.059,2950.981,0.000130,-0.001158,156,0,103,16,41,39,22694,52,3,47.117,447,122,94,16,0,72,6
271,9.0,1600,365,17,136,1347,39,78,41,155.41,1.167,1.291,0.111,0.052,0.084,-0.726,1.565,0.3558,2.2670,0.876,0.147,0.048,0.066,0.060,53,233,47,0,4,0,53254.84,1422.920,14195.021,483.842,658.520,9.341,13041.959,5385.958,66.100,3494.821,2795.857,495.440,435.460,1317.521,0.000167,-0.001200,133,0,41,6,20,19,19121,34,5,19.376,428,110,67,11,0,34,22
301,10.0,1422,399,16,136,1193,26,67,33,172.52,1.164,1.291,0.105,0.054,0.089,-0.739,1.557,0.3576,2.2935,0.860,0.140,0.051,0.067,0.061,60,188,84,0,13,0,50869.31,1449.115,16491.498,1252.033,778.663,8.164,11559.451,4806.971,62.992,4784.100,3827.280,1189.863,861.882,2140.189,0.000130,-0.002983,119,0,80,4,34,32,17406,23,2,19.616,392,54,54,21,0,25,8
331,11.0,1325,469,16,133,1117,22,53,32,186.76,1.155,1.290,0.100,0.055,0.093,-0.750,1.568,0.3665,2.3344,0.852,0.135,0.052,0.068,0.061,32,135,76,0,9,0,50415.91,1465.618,16550.957,1161.481,616.868,6.720,10433.986,4434.725,59.942,5456.925,4365.540,1206.634,608.120,1796.662,0.000246,-0.005430,129,0,67,9,25,23,15857,42,2,42.094,330,77,63,15,0,47,1
361,12.0,1348,612,16,141,1145,17,45,29,208.88,1.159,1.298,0.092,0.062,0.095,-0.765,1.564,0.3649,2.3445,0.813,0.156,0.048,0.068,0.061,54,86,60,0,6,0,52600.07,1526.154,19418.526,1252.190,635.494,6.022,10063.062,4277.983,58.070,7782.287,6225.830,1248.745,1010.233,1798.161,0.000140,-0.005159,172,0,53,7,14,13,14743,92,2,11.506,304,62,50,11,0,37,2
391,13.0,1484,543,16,142,1290,12,40,29,205.54,1.162,1.323,0.087,0.060,0.091,-0.786,1.574,0.3492,2.4015,0.820,0.141,0.042,0.066,0.062,72,78,43,0,4,0,58271.43,1570.542,24375.518,816.985,658.409,6.593,10759.489,4712.053,48.710,11507.511,9206.009,903.415,1025.176,1341.334,0.000153,-0.004015,149,0,39,4,7,7,15160,71,1,1.247,241,39,38,6,2,30,0
421,14.0,1573,490,16,144,1384,12,33,28,209.74,1.171,1.339,0.082,0.062,0.088,-0.793,1.568,0.3464,2.4338,0.832,0.146,0.043,0.065,0.064,65,90,53,0,3,0,63707.94,1658.976,25218.166,957.517,884.138,7.914,11616.281,5124.108,47.584,10491.774,8393.419,924.877,1013.553,1573.400,0.000130,-0.003960,181,0,48,5,18,16,16452,75,2,42.099,227,27,27,7,0,20,0
451,15.0,1707,488,16,153,1512,11,31,31,191.71,1.183,1.348,0.082,0.064,0.087,-0.802,1.558,0.3543,2.4413,0.809,0.111,0.048,0.065,0.064,73,62,84,0,1,0,68543.86,1775.375,27169.209,1313.283,839.166,8.592,12673.554,5734.482,46.391,12514.432,10011.546,1285.675,822.502,2356.453,0.000144,-0.004381,130,0,80,4,33,31,17717,35,2,73.485,226,47,39,14,0,25,0
481,16.0,1764,525,16,160,1569,9,26,30,175.04,1.193,1.358,0.080,0.063,0.087,-0.809,1.535,0.3545,2.4466,0.776,0.087,0.046,0.065,0.065,54,73,123,0,3,0,71724.95,1891.190,27979.963,2136.587,1018.642,7.502,13571.967,6029.202,51.098,11529.344,9223.475,2186.341,1490.097,3192.078,0.000192,-0.004279,247,0,111,12,34,31,18886,148,6,80.787,246,53,44,29,0,15,0
511,17.0,1826,516,16,178,1612,11,25,38,158.96,1.200,1.358,0.084,0.062,0.088,-0.812,1.497,0.3815,2.4375,0.775,0.090,0.047,0.066,0.062,74,71,177,0,0,0,75263.87,2023.068,31174.881,4274.199,1219.901,7.450,14335.583,6344.912,54.982,14194.926,11355.941,4379.373,1542.518,4436.873,0.000181,-0.004420,375,0,158,19,35,31,20051,237,5,115.520,253,65,55,20,0,35,0
541,18.0,1905,469,16,197,1677,10,21,40,159.51,1.209,1.359,0.087,0.056,0.090,-0.817,1.455,0.4130,2.4508,0.766,0.086,0.047,0.066,0.063,70,84,193,0,3,0,78491.84,2217.470,32563.446,4185.319,964.186,8.288,14920.689,6649.605,60.063,16249.414,12999.531,4236.995,1811.714,4809.315,0.000195,-0.003150,297,0,171,22,29,28,20324,174,5,32.449,245,108,103,24,0,79,0
571,19.0,2037,489,16,227,1777,14,19,44,177.91,1.221,1.356,0.088,0.057,0.092,-0.821,1.411,0.4525,2.4209,0.754,0.075,0.044,0.066,0.062,72,77,168,0,6,0,84056.25,2385.132,35354.674,4604.291,1320.839,8.596,15832.238,7045.803,66.115,17367.906,13894.325,4577.610,2056.520,3727.824,0.000210,-0.004677,418,0,158,10,21,19,20826,247,2,55.140,275,185,175,18,0,157,0
601,20.0,2093,513,16,244,1817,18,14,45,164.91,1.234,1.358,0.093,0.061,0.092,-0.824,1.340,0.4872,2.4335,0.745,0.082,0.044,0.067,0.061,78,81,265,0,2,0,86870.01,2599.712,36190.083,6784.636,1236.220,8.935,16813.858,7451.396,66.130,18542.478,14833.983,6878.121,1894.010,5948.659,0.000131,-0.004803,490,0,228,37,25,20,21220,332,15,131.380,286,184,156,30,0,126,0
631,21.0,2126,562,16,284,1804,25,13,50,156.40,1.251,1.353,0.107,0.061,0.096,-0.821,1.281,0.5175,2.4142,0.751,0.070,0.039,0.069,0.059,78,90,342,0,3,0,86453.88,2577.757,36266.837,9030.191,1517.401,12.007,17487.121,7816.910,73.903,21711.468,17369.175,9026.247,2106.726,7437.714,0.000267,-0.005667,593,0,314,28,37,33,22012,403,6,135.883,471,387,386,41,0,345,0
661,22.0,2084,620,16,317,1717,38,12,46,150.15,1.268,1.346,0.123,0.064,0.101,-0.809,1.211,0.5436,2.3578,0.726,0.044,0.033,0.072,0.055,98,104,420,0,3,0,84705.62,2624.459,38315.343,11931.547,1370.463,13.254,17744.969,7896.705,82.254,22893.569,18314.855,11993.851,2849.339,9473.771,0.000224,-0.007484,777,0,365,55,33,31,21490,624,5,41.429,782,689,667,31,0,636,0
691,23.0,1977,705,16,371,1526,70,10,46,189.80,1.289,1.322,0.147,0.069,0.115,-0.774,1.162,0.5901,2.3100,0.753,0.054,0.035,0.077,0.047,102,97,507,0,3,0,82085.02,2819.479,36477.547,14632.588,1069.941,14.603,17616.935,7962.798,76.360,23806.234,19044.987,14624.462,2261.015,9247.398,0.000295,-0.008886,662,0,465,42,27,25,20748,522,5,34.365,1439,1290,1221,97,0,1123,0
721,24.0,1824,768,16,425,1290,98,11,37,147.73,1.324,1.297,0.179,0.075,0.129,-0.731,1.094,0.6288,2.2320,0.741,0.047,0.042,0.083,0.040,107,85,580,0,7,0,78714.87,3021.150,36121.434,15886.278,1721.509,13.986,16903.272,7631.919,67.481,24665.374,19732.300,15816.984,1913.064,11133.216,0.000188,-0.010816,836,0,529,51,31,29,19270,659,13,45.597,2401,1977,1914,102,0,1811,0
751,25.0,1617,920,14,461,1023,122,11,33,118.61,1.362,1.270,0.219,0.080,0.145,-0.671,1.053,0.6492,2.1112,0.757,0.052,0.029,0.090,0.029,135,98,677,0,3,0,70184.99,3037.862,34226.592,21049.180,1218.279,15.369,15891.513,7286.089,55.968,27431.197,21944.958,21113.460,3408.902,13601.342,0.000229,-0.012428,1273,0,606,71,13,12,16627,1143,14,52.549,3275,2821,2722,115,0,2605,0
781,26.0,1404,1113,14,458,802,134,10,23,127.75,1.395,1.255,0.266,0.079,0.158,-0.615,1.042,0.6600,2.0251,0.784,0.048,0.033,0.095,0.021,131,94,606,0,1,0,61900.34,3126.270,29931.101,18244.822,1091.401,18.623,14488.512,6523.993,43.467,23520.363,18816.291,18317.188,2405.929,13103.680,0.000183,-0.012180,1099,0,533,73,17,16,15089,976,14,66.857,3688,2887,2790,95,0,2695,0
811,27.0,1360,1306,14,432,773,143,12,21,89.04,1.409,1.259,0.316,0.082,0.158,-0.594,1.042,0.6563,1.9689,0.811,0.051,0.032,0.095,0.019,141,91,476,0,4,0,60218.77,3001.484,31404.079,13418.434,790.355,17.375,13571.507,6154.336,37.768,24959.133,19967.307,13345.200,1609.712,9795.221,0.000218,-0.013511,765,0,416,60,19,18,15412,673,28,42.563,3977,3084,2967,91,0,2876,0
841,28.0,1264,1460,14,371,712,170,11,18,98.19,1.436,1.274,0.401,0.089,0.150,-0.528,1.021,0.6775,1.9111,0.838,0.054,0.030,0.093,0.018,121,90,533,0,0,0,55699.84,2670.528,30477.114,15045.185,716.373,16.435,13469.570,6272.437,32.671,25214.577,20171.662,14982.346,1755.876,11155.934,0.000163,-0.013279,818,0,444,89,15,11,16548,730,38,269.658,4537,3572,3447,151,0,3296,0
871,29.0,1269,1578,14,352,730,176,11,15,82.03,1.443,1.282,0.500,0.092,0.143,-0.528,1.032,0.6753,1.9416,0.820,0.043,0.029,0.091,0.019,113,81,393,0,0,0,54843.29,2192.870,30226.131,12187.383,849.360,13.363,13311.601,6195.658,26.189,22973.366,18378.693,12275.756,1114.729,7944.334,0.000165,-0.012079,720,0,348,45,15,14,16671,617,18,87.475,5112,3875,3757,102,0,3655,0
901,30.0,1314,1646,10,299,834,171,10,13,89.88,1.431,1.309,0.576,0.082,0.128,-0.572,1.029,0.6742,1.9206,0.873,0.043,0.030,0.084,0.029,116,99,291,0,2,0,56779.38,1947.533,30483.827,8743.908,989.656,14.138,13507.711,5765.402,21.913,20807.214,16645.771,8738.627,1720.748,5323.332,0.000199,-0.011008,447,0,256,35,4,4,17599,315,11,26.709,4912,3259,3146,112,0,3034,0
931,31.0,1384,1586,10,245,955,169,15,9,99.88,1.426,1.329,0.651,0.087,0.113,-0.607,1.043,0.6317,1.9541,0.908,0.033,0.027,0.077,0.038,106,98,267,0,1,0,58811.79,1725.715,33448.839,8293.827,1000.302,14.768,14469.704,6188.114,18.717,20854.846,16683.877,8267.862,2817.772,5502.839,0.000183,-0.008640,423,0,241,26,3,3,19399,261,17,12.283,4982,3413,3327,127,0,3200,0
961,32.0,1601,1269,10,179,1254,145,23,6,112.01,1.416,1.374,0.697,0.086,0.090,-0.685,1.028,0.5893,1.9953,0.908,0.034,0.027,0.067,0.050,113,120,237,0,0,0,69308.84,1377.926,44948.081,6373.304,817.381,12.597,16071.348,6816.879,10.995,27584.011,22067.209,6259.411,2283.055,5243.763,0.000146,-0.009380,369,0,210,27,10,6,21920,214,16,198.304,4509,3091,3012,91,0,2921,0
991,33.0,1754,1203,10,133,1443,147,31,3,94.96,1.410,1.393,0.750,0.078,0.079,-0.706,1.034,0.5791,2.0131,0.921,0.030,0.026,0.062,0.056,131,117,245,0,2,0,73684.13,993.296,41438.539,6232.312,805.458,14.243,18642.714,7971.291,8.214,24740.726,19792.581,6221.712,1238.838,5257.943,0.000170,-0.010839,221,0,225,20,10,9,24724,99,13,95.378,4207,3009,2892,122,0,2770,0
1021,34.0,1878,1074,10,100,1610,132,36,3,98.08,1.395,1.419,0.790,0.079,0.071,-0.734,1.015,0.5292,2.0492,0.881,0.040,0.024,0.058,0.061,138,152,265,0,0,0,77050.20,789.771,43579.368,7069.457,655.039,17.062,20084.550,8888.479,5.995,25729.124,20583.300,6963.234,1575.696,5408.751,0.000152,-0.010674,214,0,256,9,6,6,25899,107,6,8.336,4123,2995,2967,133,0,2834,0
1051,35.0,2012,894,9,65,1785,113,49,5,90.62,1.387,1.436,0.811,0.076,0.066,-0.753,1.027,0.4971,2.0593,0.905,0.046,0.023,0.055,0.066,97,157,261,0,0,0,81832.47,592.905,46257.911,5989.262,407.053,15.849,21308.530,9572.647,6.254,26129.621,20903.697,5894.235,962.043,5088.176,0.000187,-0.010177,122,0,250,11,10,10,28851,59,9,8.290,3551,2568,2543,103,0,2440,0
1081,36.0,2055,698,9,51,1846,105,53,7,92.04,1.387,1.443,0.840,0.077,0.063,-0.763,1.033,0.4648,2.0608,0.927,0.000,0.020,0.054,0.068,89,160,297,0,0,0,83985.90,438.779,47576.606,6737.186,540.914,16.033,22612.782,10178.993,10.133,23863.305,19090.644,6585.036,1065.755,7373.783,0.000197,-0.009503,95,0,294,3,21,21,31348,21,3,11.321,3041,2222,2177,120,0,2057,0
1111,37.0,1929,743,9,34,1732,100,63,6,106.58,1.392,1.442,0.866,0.087,0.061,-0.759,1.095,0.4135,2.0095,0.832,0.000,0.023,0.053,0.069,96,177,378,0,1,0,78978.49,327.805,41323.939,8005.176,192.042,14.074,22533.328,10280.792,10.901,20657.295,16525.836,7899.251,1139.115,8669.490,0.000287,-0.006891,151,0,370,8,16,13,29820,96,8,118.851,3066,2370,2323,176,0,2147,0
1141,38.0,1857,910,9,17,1680,97,63,6,112.28,1.392,1.443,0.889,0.089,0.059,-0.764,1.170,0.2272,1.9869,0.776,0.000,0.022,0.052,0.068,83,190,302,0,1,0,76361.23,229.841,39213.532,6679.984,76.188,11.010,21231.602,9441.644,10.657,20080.076,16064.061,6594.745,883.400,6562.557,0.000185,-0.005431,45,0,302,0,9,9,26853,11,0,0.000,2801,2095,2069,166,0,1903,0
1171,39.0,1829,779,9,20,1632,116,61,4,116.21,1.395,1.442,0.915,0.098,0.060,-0.754,1.212,0.2479,1.9651,0.770,0.050,0.020,0.052,0.068,92,138,382,0,2,0,76193.06,218.671,44153.856,7931.666,80.050,12.642,21030.477,9607.240,9.096,23533.454,18826.764,7790.595,970.835,8357.426,0.000152,-0.006606,30,0,382,0,18,18,25567,16,0,0.000,3134,2342,2335,180,0,2155,0
1201,40.0,1749,699,9,15,1545,114,75,4,91.32,1.391,1.448,0.946,0.105,0.060,-0.743,1.051,0.2529,1.9744,0.738,0.067,0.021,0.051,0.069,113,132,399,0,1,0,72192.01,201.177,40382.316,7421.018,103.123,14.179,20661.668,9724.926,6.408,21582.325,17265.860,7279.658,669.926,9346.512,0.000143,-0.007432,15,0,396,3,43,43,24672,0,3,23.773,3301,2278,2251,165,0,2086,0
1231,41.0,1602,745,9,15,1387,114,86,8,111.07,1.397,1.447,0.994,0.108,0.063,-0.722,1.113,0.2513,1.9432,0.739,0.067,0.024,0.052,0.071,74,128,424,0,0,0,65777.69,173.011,36529.686,9011.481,76.795,14.555,19664.928,9327.709,6.818,19511.055,15608.845,8896.251,1106.542,9224.034,0.000167,-0.009093,16,0,422,2,11,11,23245,1,0,0.000,3155,2074,2032,214,0,1818,0
1261,42.0,1426,716,9,13,1211,117,85,9,110.79,1.413,1.435,1.035,0.117,0.065,-0.697,0.998,0.3007,1.8776,0.806,0.000,0.024,0.053,0.076,107,144,409,0,3,0,59671.10,175.793,34523.367,8485.882,98.504,11.955,18382.127,9184.261,14.607,18408.900,14727.120,8351.719,1039.272,8637.861,0.000192,-0.009714,18,0,407,2,11,11,22075,8,2,1.869,3398,2356,2315,194,0,2120,0
1291,43.0,1271,765,9,12,1077,108,74,13,96.64,1.418,1.426,1.078,0.115,0.066,-0.695,1.143,0.2863,1.8498,0.693,0.083,0.022,0.054,0.073,95,115,375,0,0,0,53890.85,157.703,30913.665,8235.742,7.332,10.402,16627.669,7865.406,16.109,16238.685,12990.948,8197.606,1224.776,7908.063,0.000131,-0.009685,1,0,375,0,22,22,20059,0,0,0.000,3196,2018,2013,187,0,1826,0
1321,44.0,1195,817,9,15,1000,102,78,12,122.39,1.426,1.416,1.106,0.124,0.067,-0.690,1.065,0.2637,1.8067,0.706,0.067,0.020,0.057,0.068,91,111,310,0,3,0,49892.71,143.759,30057.232,7336.133,30.379,11.673,15303.824,7345.031,20.090,16919.712,13535.769,7354.526,1000.881,7126.961,0.000140,-0.009116,17,0,307,3,0,0,19030,12,1,1.034,3030,1912,1901,166,0,1734,0
1351,45.0,1141,906,9,7,969,99,66,10,139.01,1.431,1.419,1.147,0.126,0.065,-0.696,0.932,0.3021,1.7831,0.933,0.143,0.021,0.056,0.066,89,107,233,0,2,0,47832.84,133.523,27595.516,5457.187,33.584,11.076,14630.720,6435.095,18.762,13976.920,11181.536,5403.410,809.389,5153.340,0.000221,-0.007388,26,0,231,2,13,11,18155,4,2,42.581,2913,1723,1696,139,0,1557,0
1381,46.0,1157,824,9,7,1025,71,54,10,120.86,1.431,1.433,1.127,0.105,0.059,-0.749,0.944,0.3501,1.8472,0.931,0.143,0.023,0.055,0.067,78,108,186,0,3,0,47918.49,94.951,29059.327,3880.633,34.078,10.303,14511.075,6027.189,14.158,15157.101,12125.681,3773.332,1124.353,4467.741,0.000132,-0.006122,1,0,186,0,20,20,17647,0,0,0.000,2439,1450,1450,78,0,1372,0
1411,47.0,1136,759,9,9,1020,54,53,7,129.54,1.436,1.441,1.103,0.100,0.059,-0.772,0.753,0.4487,1.8523,1.000,0.111,0.019,0.056,0.070,78,100,222,0,1,0,47751.24,77.560,28623.054,4582.126,18.533,10.399,14284.872,5703.604,16.367,14697.766,11758.213,4689.136,724.305,5092.154,0.000166,-0.004636,1,0,222,0,21,21,17508,0,0,0.000,1697,766,765,91,0,674,0
1441,48.0,1111,672,9,6,1001,53,51,8,104.76,1.435,1.444,1.104,0.103,0.059,-0.770,0.705,0.4941,1.8468,1.000,0.167,0.021,0.057,0.073,81,102,200,0,2,0,46115.88,56.240,26402.954,3884.547,30.039,9.862,14377.889,5538.150,12.575,13503.563,10802.850,3907.402,573.684,4868.686,0.000137,-0.004391,1,0,200,0,23,23,17650,0,0,0.000,1488,709,709,74,0,635,0
1471,49.0,1057,654,9,9,958,46,44,8,129.41,1.438,1.447,1.132,0.102,0.059,-0.779,0.816,0.4754,1.8565,0.736,0.111,0.028,0.056,0.074,69,91,162,0,1,0,43787.48,53.060,22825.278,3035.438,51.571,10.520,13847.708,5120.385,14.241,9702.742,7762.194,2940.224,573.784,3805.289,0.000125,-0.004409,22,0,162,0,17,17,16348,19,0,0.000,1460,700,700,51,0,649,0
1501,50.0,1010,613,9,8,927,40,35,7,114.84,1.438,1.450,1.143,0.094,0.057,-0.791,0.815,0.4586,1.8725,0.856,0.125,0.022,0.056,0.075,68,104,129,0,1,0,40716.32,49.309,20947.291,3073.653,63.016,10.491,13474.416,4839.028,14.052,9078.936,7263.149,3043.354,992.303,2962.476,0.000101,-0.004283,28,0,128,1,12,12,14857,24,0,0.000,1197,459,459,53,0,406,0
1531,51.0,970,560,9,7,899,36,28,6,164.84,1.434,1.461,1.130,0.094,0.057,-0.802,0.888,0.4303,1.9098,0.921,0.286,0.022,0.056,0.074,68,121,110,0,1,0,38402.62,43.991,20042.321,2430.072,25.945,9.228,12845.584,4505.147,11.050,9299.932,7439.945,2345.324,675.498,2587.489,0.000150,-0.003044,22,0,109,1,6,6,13407,20,0,0.000,1096,434,434,48,0,386,0
1561,52.0,853,591,9,5,782,38,28,7,124.74,1.441,1.462,1.171,0.095,0.058,-0.786,0.788,0.4500,1.9032,1.000,0.400,0.022,0.055,0.081,57,88,162,0,1,0,33683.31,38.002,16932.215,2903.948,19.802,9.873,11830.724,4184.762,11.676,6531.036,5224.829,2849.258,780.002,3630.850,0.000095,-0.002287,3,0,162,0,27,27,12465,0,0,0.000,1061,497,496,65,0,431,0
1591,53.0,794,522,9,5,729,37,23,6,153.57,1.433,1.466,1.185,0.094,0.060,-0.788,0.788,0.4500,1.9523,1.000,0.200,0.024,0.053,0.079,49,99,107,0,1,0,31560.62,34.253,17002.743,2221.701,55.744,9.346,10980.410,4091.549,12.412,7143.402,5714.722,2141.036,458.976,2268.319,0.000098,-0.003306,14,0,107,0,11,11,11676,12,0,0.000,1126,606,606,51,0,555,0
1621,54.0,739,502,9,4,686,27,22,4,149.37,1.429,1.473,1.160,0.084,0.059,-0.800,0.750,0.4657,1.9887,1.000,0.250,0.022,0.052,0.082,53,95,72,0,2,0,29330.95,27.350,14365.464,1262.876,0.000,8.429,10252.319,3458.502,8.591,5464.051,4371.241,1203.813,255.753,1613.581,0.000098,-0.002746,0,0,72,0,7,7,11233,0,0,0.000,915,321,321,22,0,299,0
1651,55.0,648,559,9,4,599,25,20,4,165.61,1.433,1.464,1.167,0.086,0.060,-0.793,0.750,0.4657,1.9853,1.000,0.000,0.026,0.053,0.081,48,84,105,0,1,0,25876.57,24.596,12396.635,1631.669,19.991,7.762,9134.613,3128.225,6.100,4800.114,3840.091,1581.038,412.922,2284.355,0.000098,-0.001844,1,0,105,0,20,20,10805,0,0,0.000,821,267,267,53,0,214,0
1681,56.0,634,510,9,4,592,19,19,4,148.63,1.435,1.462,1.147,0.080,0.060,-0.803,0.583,0.5374,2.0022,1.000,0.250,0.027,0.053,0.078,42,67,54,0,0,0,25642.73,24.778,13548.985,1089.375,0.000,7.196,8432.580,2919.345,6.951,5222.998,4178.398,1103.879,227.684,1161.939,0.000084,-0.001846,0,0,54,0,12,12,10134,0,0,0.000,606,209,209,27,0,182,0
1711,57.0,601,532,9,4,561,19,17,4,178.17,1.440,1.478,1.128,0.082,0.059,-0.804,0.583,0.4511,2.0402,1.000,0.000,0.022,0.054,0.076,47,63,67,0,1,0,23541.95,18.598,11425.160,1090.257,0.000,4.925,8096.067,2714.175,5.474,4835.410,3868.328,1045.818,103.517,1702.662,0.000079,-0.001895,0,0,67,0,18,18,9806,0,0,0.000,508,205,205,23,0,182,0
1741,58.0,543,594,9,4,514,11,14,3,195.85,1.439,1.490,1.109,0.073,0.056,-0.825,0.616,0.5266,2.0515,1.000,0.250,0.028,0.054,0.076,40,71,48,0,2,0,21152.24,18.232,9777.393,1014.142,18.276,4.785,7515.566,2755.081,5.801,3116.548,2493.238,1011.953,128.917,1158.854,0.000083,-0.001208,1,0,48,0,7,7,9492,0,0,0.000,415,215,215,15,0,200,0
1771,59.0,513,533,9,3,494,9,7,4,196.21,1.433,1.494,1.108,0.065,0.055,-0.842,0.679,0.5148,2.0569,1.000,0.333,0.039,0.051,0.080,37,77,46,0,0,0,21371.47,12.622,11398.909,650.678,0.000,4.109,6847.065,2399.987,5.481,4506.036,3604.829,606.670,127.106,955.458,0.000075,-0.000876,0,0,45,1,11,11,9265,0,0,0.000,298,140,140,19,0,121,0
1801,60.0,520,471,9,3,504,7,6,3,191.81,1.426,1.497,1.084,0.061,0.055,-0.845,0.679,0.5148,2.0557,1.000,0.000,0.041,0.051,0.078,24,51,27,0,0,0,22024.62,11.667,11223.374,448.354,0.000,3.772,6622.691,2129.945,7.349,4070.651,3256.521,420.689,395.963,639.485,0.000082,0.000161,0,0,27,0,7,7,9254,0,0,0.000,260,119,119,16,0,103,0
1831,61.0,531,460,9,3,518,5,5,4,190.10,1.416,1.502,1.022,0.060,0.054,-0.855,0.679,0.5148,2.1469,1.000,0.333,0.040,0.051,0.075,37,50,19,0,0,0,22005.55,11.683,10210.322,389.786,0.000,5.031,6673.450,2194.778,6.394,3796.725,3037.380,368.226,185.489,443.174,0.000116,-0.000111,0,0,19,0,1,1,9600,0,0,0.000,182,6,6,3,0,3,0
1861,62.0,533,456,9,4,518,5,6,3,183.45,1.416,1.505,0.984,0.065,0.055,-0.853,0.648,0.5035,2.2192,1.000,0.250,0.034,0.052,0.075,27,49,36,0,1,0,21811.34,12.092,11029.225,855.565,0.000,4.654,6728.944,2439.290,6.937,4309.231,3447.385,824.330,471.754,757.995,0.000102,0.000740,0,0,36,0,8,8,10279,0,0,0.000,137,57,56,10,0,46,0
1891,63.0,538,474,9,4,527,2,5,3,185.62,1.414,1.507,0.967,0.054,0.055,-0.862,0.751,0.4897,2.2646,0.901,0.250,0.036,0.052,0.073,30,55,30,0,0,0,22183.61,12.318,11002.866,340.757,0.000,4.567,6603.811,2448.656,5.784,4338.976,3471.181,310.315,210.609,536.699,0.000087,0.001263,0,0,30,0,11,11,10143,0,0,0.000,92,47,47,1,0,46,0
1921,64.0,556,493,9,7,546,1,2,3,184.62,1.410,1.505,0.970,0.052,0.057,-0.871,0.670,0.5007,2.2785,0.892,0.143,0.044,0.052,0.075,30,54,22,0,0,0,22773.14,13.767,11516.839,486.450,0.000,6.012,6722.147,2463.233,5.784,4530.909,3624.727,458.380,434.870,436.930,0.000112,0.000748,0,0,22,0,9,9,10477,0,0,0.000,31,0,0,0,0,0,0
1951,65.0,569,516,9,4,561,1,3,3,176.84,1.405,1.507,0.919,0.050,0.057,-0.872,0.648,0.5168,2.3200,1.000,0.250,0.039,0.052,0.076,31,49,32,0,0,0,23796.91,14.531,12547.377,587.087,29.228,4.825,6990.693,2576.110,5.784,4502.426,3601.941,561.202,534.412,556.540,0.000077,0.001041,1,0,32,0,9,9,10994,0,0,0.000,30,1,1,1,0,0,0
1981,66.0,608,485,9,4,600,1,3,4,169.86,1.396,1.510,0.901,0.051,0.056,-0.873,0.661,0.5164,2.3190,1.000,0.250,0.040,0.050,0.076,37,49,28,0,0,0,26523.98,14.246,14635.543,561.158,0.000,5.454,7102.771,2619.331,7.403,5518.799,4415.039,534.918,468.115,647.577,0.000077,0.001296,0,0,28,0,11,11,11548,0,0,0.000,30,7,7,7,0,0,0
2011,67.0,679,471,9,4,671,1,3,4,160.90,1.396,1.518,0.896,0.054,0.054,-0.874,0.661,0.5164,2.3683,1.000,0.000,0.031,0.050,0.075,41,40,31,0,0,0,28596.86,13.822,15050.957,335.129,0.000,5.221,7652.204,2975.552,6.254,6775.950,5420.760,312.880,173.266,851.688,0.000085,0.001447,0,0,31,0,17,17,12539,0,0,0.000,30,5,5,0,0,5,0
2041,68.0,722,547,9,5,713,1,3,5,173.16,1.398,1.521,0.868,0.055,0.054,-0.875,0.640,0.5111,2.3912,1.000,0.400,0.029,0.052,0.076,20,54,31,0,1,0,30107.79,14.562,15548.556,815.801,0.005,3.534,8355.227,3307.128,8.039,6211.004,4968.803,823.946,515.026,616.417,0.000073,0.001681,1,0,29,2,5,5,13869,1,0,0.000,30,1,1,1,0,0,0
2071,69.0,806,507,9,5,797,1,3,5,177.77,1.399,1.526,0.850,0.056,0.056,-0.877,0.740,0.4822,2.4085,0.839,0.400,0.030,0.054,0.078,21,56,32,0,1,0,33224.75,14.321,18676.788,452.225,0.000,3.486,8992.395,3601.527,10.137,8252.912,6602.330,422.910,506.271,842.552,0.000110,0.001292,0,0,32,0,18,18,15181,0,0,0.000,30,8,8,1,0,7,0
2101,70.0,861,472,9,5,851,1,4,6,170.39,1.399,1.520,0.816,0.059,0.057,-0.875,0.640,0.5045,2.4150,0.988,0.200,0.030,0.054,0.071,25,66,42,0,0,0,35777.17,14.707,19960.533,845.483,0.000,4.014,9711.261,4057.350,10.039,7823.797,6259.038,814.104,868.505,1242.291,0.000136,0.001155,0,0,40,2,17,17,16813,0,0,0.000,30,0,0,0,0,0,0
2131,71.0,897,493,9,6,886,2,3,6,162.17,1.400,1.521,0.782,0.062,0.057,-0.875,0.626,0.4204,2.4418,0.833,0.167,0.031,0.054,0.068,28,81,44,0,1,0,37827.48,16.886,20275.627,872.125,0.000,4.047,10153.290,4271.237,11.947,7791.466,6233.173,832.966,1102.535,1184.064,0.000093,0.001277,0,0,44,0,20,20,18260,0,0,0.000,56,37,37,5,0,32,0
2161,72.0,926,526,9,9,910,2,5,5,159.51,1.408,1.518,0.785,0.069,0.057,-0.875,0.766,0.4666,2.4471,0.754,0.222,0.031,0.055,0.066,28,61,90,0,1,0,40348.46,21.393,23513.175,1256.450,0.000,3.738,10588.894,4755.992,11.430,8708.537,6966.830,1206.955,1083.792,2881.257,0.000137,0.000208,0,0,89,1,51,51,19093,0,0,0.000,44,23,23,1,0,22,0
2191,73.0,1020,524,9,7,1007,2,4,6,152.71,1.408,1.525,0.771,0.064,0.055,-0.880,0.606,0.5226,2.4195,1.000,0.286,0.031,0.057,0.069,28,67,66,0,1,0,44622.55,29.543,25899.635,1401.788,0.000,4.662,11340.972,5188.582,9.874,10983.679,8786.943,1445.802,888.410,1986.504,0.000141,0.000192,0,0,66,0,28,28,20161,0,0,0.000,61,21,21,3,0,18,0
2221,74.0,1125,532,9,13,1101,3,8,5,147.84,1.420,1.515,0.756,0.071,0.056,-0.876,0.775,0.4247,2.4518,0.664,0.077,0.031,0.057,0.067,38,56,76,0,0,0,48811.39,39.662,27645.901,1821.274,15.303,5.042,12548.701,5881.730,9.220,11541.620,9233.296,1778.266,809.020,1982.732,0.000099,-0.000078,34,0,75,1,17,17,22564,33,0,0.000,68,22,21,5,0,16,0
2251,75.0,1227,518,9,15,1202,3,7,5,121.68,1.420,1.525,0.732,0.073,0.056,-0.878,0.602,0.5111,2.4828,1.000,0.067,0.034,0.058,0.067,37,67,115,0,0,0,52537.84,48.036,30669.877,2629.081,6.614,5.195,13631.608,6536.998,7.566,13760.850,11008.680,2582.251,1431.026,2678.932,0.000189,-0.000460,57,0,113,2,33,33,24455,57,0,0.000,90,64,64,8,0,56,0
2281,76.0,1291,536,9,10,1262,9,10,9,128.76,1.419,1.538,0.732,0.074,0.055,-0.874,0.643,0.4677,2.5127,0.925,0.200,0.030,0.061,0.067,29,83,133,0,0,0,55063.92,57.891,31756.927,2345.927,17.210,6.523,14572.129,7137.398,8.707,13485.411,10788.329,2293.789,1329.470,3596.083,0.000096,-0.000137,6,0,133,0,56,56,26190,2,0,0.000,167,117,111,18,0,93,0
2311,77.0,1382,534,9,8,1352,13,9,8,128.41,1.421,1.548,0.745,0.073,0.054,-0.871,0.595,0.5203,2.5148,1.000,0.250,0.030,0.062,0.070,30,88,120,0,3,0,57761.20,55.929,34518.159,1939.754,32.690,5.194,15682.070,7579.129,15.023,14621.353,11697.083,1907.430,1359.345,4349.295,0.000231,-0.000373,53,0,119,1,59,59,28435,47,0,0.000,300,162,135,24,0,111,0
2341,78.0,1457,480,9,10,1419,17,11,9,137.49,1.424,1.545,0.746,0.074,0.055,-0.869,0.691,0.4334,2.4940,0.853,0.200,0.023,0.064,0.073,28,108,149,0,4,0,61319.85,54.499,36615.841,2771.959,50.910,5.677,16540.037,7930.405,14.545,16223.801,12979.041,2694.677,1246.791,4212.434,0.000095,-0.000954,57,0,146,3,51,51,30468,52,0,0.000,420,204,194,27,0,167,0
2371,79.0,1516,528,9,15,1476,12,13,5,135.68,1.429,1.548,0.744,0.078,0.055,-0.875,0.596,0.4994,2.5279,0.939,0.133,0.020,0.064,0.074,26,95,182,0,4,0,64610.79,62.727,39021.093,3149.433,4.303,5.298,17457.124,8709.792,9.512,16544.976,13235.981,3096.558,1252.909,5107.427,0.000148,-0.001826,44,0,181,1,67,67,32465,44,0,0.000,461,273,267,33,0,234,0
2401,80.0,1590,488,14,19,1540,12,19,5,131.92,1.438,1.549,0.732,0.082,0.057,-0.873,0.561,0.5885,2.4964,0.969,0.105,0.022,0.064,0.073,31,96,212,0,2,0,68318.59,85.321,42324.066,4119.671,40.673,6.000,18356.407,9362.971,9.229,18783.566,15026.853,4085.650,1685.201,5565.089,0.000214,-0.003246,84,0,211,1,69,68,33941,82,1,52.666,358,159,137,43,0,94,0
2431,81.0,1650,474,14,24,1592,14,20,7,134.82,1.442,1.549,0.730,0.086,0.057,-0.876,0.558,0.5229,2.5050,0.956,0.083,0.022,0.066,0.066,34,95,218,0,1,0,70994.21,109.019,42652.636,3897.230,1.347,4.920,19120.405,9927.035,9.985,18280.562,14624.450,3848.589,1679.164,5741.969,0.000161,-0.003063,14,0,218,0,87,87,35552,14,0,0.000,383,188,158,56,0,102,0
2461,82.0,1674,528,14,32,1601,20,21,7,141.73,1.447,1.539,0.730,0.091,0.059,-0.872,0.563,0.5624,2.5156,0.969,0.062,0.026,0.065,0.060,32,121,242,0,1,0,71531.53,161.303,41952.799,5451.244,42.772,5.993,19764.951,10589.352,14.098,19018.887,15215.110,5346.892,1919.730,5589.222,0.000166,-0.002825,24,0,240,2,62,62,36326,13,1,3.014,537,329,303,61,0,242,0
2491,83.0,1661,515,14,41,1570,19,31,6,126.33,1.454,1.534,0.749,0.099,0.060,-0.866,0.559,0.6264,2.4645,0.994,0.073,0.022,0.066,0.060,38,130,299,0,0,0,71891.16,190.665,44649.808,6110.283,143.684,5.305,20020.172,10901.468,12.970,20407.828,16326.263,5957.917,2273.007,7344.035,0.000174,-0.003147,77,0,297,2,86,86,36733,63,0,0.000,614,385,381,52,0,329,0
2521,84.0,1628,524,14,39,1511,39,39,7,116.32,1.460,1.525,0.757,0.108,0.062,-0.842,0.578,0.6634,2.4214,0.961,0.077,0.021,0.069,0.062,42,115,367,0,0,0,72135.98,245.070,46453.087,7757.615,57.959,5.639,19895.881,11254.402,10.851,22020.748,17616.598,7620.013,2789.597,8236.048,0.000188,-0.004263,89,0,366,1,82,82,35363,69,1,10.541,874,662,639,110,0,529,0
2551,85.0,1639,590,14,48,1494,55,42,10,105.60,1.471,1.522,0.773,0.117,0.064,-0.829,0.598,0.6910,2.4055,0.942,0.042,0.019,0.070,0.063,41,116,360,0,1,0,70858.40,287.167,44261.982,8000.392,124.271,6.590,20009.297,10994.315,11.649,23850.240,19080.193,7857.114,2180.854,8003.848,0.000201,-0.005615,29,0,359,1,92,92,34657,18,0,0.000,1205,709,684,104,0,580,0
2581,86.0,1642,619,14,44,1498,62,38,12,107.02,1.474,1.523,0.815,0.116,0.063,-0.821,0.588,0.6969,2.3967,0.964,0.068,0.020,0.071,0.066,22,111,314,0,1,0,71653.16,332.937,46125.032,6994.475,113.075,7.098,20479.603,10837.807,19.592,21058.329,16846.664,6837.355,2073.478,8198.185,0.000148,-0.005127,42,0,311,3,85,85,34375,25,0,0.000,1511,821,774,97,0,677,0
2611,87.0,1579,702,14,46,1405,91,37,13,99.89,1.491,1.514,0.893,0.126,0.065,-0.789,0.555,0.6924,2.3155,1.000,0.022,0.018,0.071,0.071,28,114,406,0,3,0,69253.17,357.286,43291.779,9920.608,194.334,5.688,20494.806,10569.853,22.676,22945.381,18356.305,9810.312,2021.113,8461.824,0.000144,-0.006092,41,0,403,3,52,52,33309,2,0,0.000,2059,1175,1155,189,0,966,0
2641,88.0,1530,757,14,60,1326,106,38,12,102.35,1.510,1.511,0.974,0.143,0.069,-0.768,0.551,0.6933,2.2747,0.971,0.033,0.018,0.068,0.068,38,112,439,0,2,0,66872.82,411.869,45897.668,10377.964,28.446,6.034,20727.969,10937.401,21.910,25467.592,20374.074,10340.768,2595.426,9350.858,0.000166,-0.007157,28,0,434,5,49,49,32139,26,0,0.000,2999,1627,1588,176,0,1412,0
2671,89.0,1477,757,14,76,1239,128,34,4,100.90,1.537,1.507,1.082,0.159,0.074,-0.744,0.550,0.6966,2.1720,0.985,0.026,0.022,0.063,0.072,39,111,452,0,2,0,66065.14,451.467,46267.131,11192.796,88.960,8.503,20346.429,10905.260,14.330,25824.102,20659.282,11019.531,3067.657,8201.048,0.000195,-0.005907,30,0,450,2,23,23,28501,20,0,0.000,3335,1761,1744,213,0,1531,0
2701,90.0,1405,859,14,65,1185,119,36,5,101.44,1.556,1.511,1.183,0.154,0.072,-0.747,0.550,0.7052,2.0899,0.969,0.031,0.025,0.059,0.079,41,144,371,0,0,0,63840.39,447.301,43125.634,9721.867,131.254,7.308,20672.577,10775.871,7.566,22640.085,18112.068,9548.830,2535.225,7451.465,0.000153,-0.006596,16,0,368,3,21,21,26431,0,1,6.546,3673,2208,2182,188,0,1994,0
2731,91.0,1362,972,14,89,1127,113,33,4,99.57,1.581,1.502,1.306,0.166,0.076,-0.751,0.535,0.7163,2.0001,0.988,0.011,0.020,0.057,0.083,50,129,383,0,0,0,61765.70,423.835,42877.606,11067.865,219.898,6.609,20596.576,9943.352,8.622,24052.761,19242.209,10950.373,2787.912,7346.613,0.000196,-0.005988,30,0,383,0,29,29,24682,11,0,0.000,3329,1737,1699,151,0,1548,0
2761,92.0,1380,1047,14,81,1174,100,25,6,81.21,1.586,1.530,1.385,0.157,0.068,-0.777,0.521,0.7091,1.9931,0.973,0.012,0.024,0.053,0.085,54,147,293,0,0,0,62187.20,416.935,43932.636,7039.380,188.093,8.682,21156.303,10162.310,8.937,23296.737,18637.390,6895.428,1648.978,6436.155,0.000230,-0.005263,101,0,291,2,43,43,23943,79,0,0.000,3059,1573,1557,120,0,1437,0
2791,93.0,1450,888,14,65,1271,92,22,7,86.33,1.590,1.556,1.514,0.144,0.060,-0.797,0.523,0.7485,1.9586,0.989,0.000,0.022,0.054,0.093,50,158,327,0,0,0,67130.54,330.022,50779.713,8744.596,557.666,5.373,22546.597,10139.503,9.959,28293.875,22635.101,8575.926,1391.121,6589.107,0.000184,-0.004140,90,0,323,4,39,39,23965,40,0,0.000,2739,1412,1375,145,0,1230,0
2821,94.0,1568,673,14,48,1416,87,17,8,102.72,1.605,1.585,1.611,0.127,0.054,-0.816,0.511,0.7458,1.9306,0.979,0.000,0.026,0.047,0.093,55,143,233,0,0,0,70774.09,279.543,51128.492,5593.218,538.817,7.584,25422.387,10798.243,11.044,25612.120,20489.696,5423.808,1596.506,4983.291,0.000209,-0.003013,54,0,233,0,40,40,24597,3,0,0.000,2762,1685,1661,102,0,1559,0
2851,95.0,1597,635,15,46,1479,59,13,14,112.43,1.613,1.597,1.574,0.113,0.051,-0.849,0.526,0.7510,1.9792,0.968,0.022,0.021,0.045,0.091,39,201,195,0,0,0,73250.51,248.531,48892.797,5072.188,334.358,6.335,26662.337,10368.357,14.246,22245.604,17796.483,4875.748,1314.210,4053.079,0.000143,-0.002511,52,0,194,1,23,22,25107,14,1,27.241,2036,1097,1078,76,0,1002,0
2881,96.0,1710,569,15,42,1612,43,13,18,102.07,1.618,1.615,1.562,0.100,0.049,-0.868,0.520,0.7540,2.0192,1.000,0.024,0.017,0.043,0.090,46,168,155,0,1,0,74816.99,232.364,49278.112,4529.696,215.806,6.506,28083.307,10671.856,23.432,22710.393,18168.315,4538.477,1461.696,3152.847,0.000114,-0.002196,51,0,155,0,26,26,25205,25,0,0.000,1420,707,678,61,0,617,0
2911,97.0,1709,538,15,35,1631,36,7,17,103.50,1.610,1.630,1.573,0.096,0.046,-0.878,0.523,0.7714,2.0307,0.965,0.029,0.019,0.045,0.091,50,204,171,0,5,0,76448.98,202.510,48853.578,4299.619,239.830,8.456,28751.146,10616.334,25.258,19597.029,15677.624,4165.452,822.475,3423.637,0.000173,-0.002728,24,0,171,0,27,27,25240,4,0,0.000,1171,702,696,70,0,626,0
2941,98.0,1735,497,15,24,1677,29,5,17,122.31,1.600,1.638,1.574,0.088,0.043,-0.887,0.517,0.8074,2.0393,0.996,0.000,0.020,0.045,0.091,58,196,123,0,5,0,77922.23,162.252,47902.722,2749.837,192.884,10.744,28811.439,10060.828,23.553,17988.094,14390.475,2704.163,1088.746,3055.226,0.000271,-0.003573,51,0,119,4,29,29,24276,32,0,0.000,991,515,505,40,0,465,0
2971,99.0,1782,416,15,18,1725,31,8,16,119.58,1.599,1.637,1.579,0.089,0.043,-0.888,0.524,0.7327,2.0363,1.000,0.056,0.019,0.046,0.091,59,172,116,0,3,0,78218.06,141.132,47024.963,2816.237,198.643,9.982,29521.115,10009.634,25.301,17471.248,13976.999,2689.261,1360.977,2585.954,0.000120,-0.004060,29,0,116,0,22,22,24677,4,0,0.000,878,458,437,52,0,385,0
3001,100.0,1770,444,17,11,1719,34,6,14,130.75,1.606,1.641,1.582,0.083,0.043,-0.888,0.549,0.7593,2.0544,1.000,0.091,0.015,0.046,0.093,39,200,125,0,2,0,74982.54,108.134,43274.918,3465.003,159.994,8.536,29722.038,10132.039,22.835,16452.851,13162.281,3399.853,1317.603,2198.641,0.000171,-0.003039,14,0,121,4,10,10,24716,0,0,0.000,1052,715,715,67,0,648,0
3031,101.0,1722,433,17,9,1673,34,6,14,138.99,1.611,1.640,1.571,0.083,0.043,-0.889,0.500,0.7632,2.0554,1.000,0.111,0.016,0.048,0.095,32,226,123,0,3,0,71102.80,79.384,42079.677,3331.924,126.542,9.127,29481.833,9838.482,19.517,15807.443,12645.955,3251.500,1245.791,2372.113,0.000111,-0.002172,12,0,121,2,16,16,24840,0,0,0.000,998,542,537,76,0,461,0
3061,102.0,1669,413,17,8,1619,38,4,17,147.26,1.616,1.642,1.540,0.083,0.043,-0.887,0.505,0.7576,2.0578,1.000,0.000,0.014,0.049,0.095,41,248,98,0,3,0,69077.46,75.595,41178.686,2425.304,20.393,7.277,28102.792,9517.989,25.850,15412.248,12329.798,2279.827,938.803,1757.215,0.000203,-0.001382,7,0,97,1,14,14,24087,0,1,1.757,1086,555,552,66,0,486,0
3091,103.0,1552,381,17,6,1504,38,4,15,152.15,1.619,1.645,1.515,0.085,0.043,-0.884,0.506,0.8754,2.0718,1.000,0.167,0.020,0.048,0.095,33,266,118,0,2,0,65273.51,75.415,38303.336,3542.351,120.981,7.801,26988.444,9262.905,26.428,14193.942,11355.154,3377.128,1369.551,1861.807,0.000161,-0.003114,9,0,116,2,7,7,23036,0,2,8.092,1146,584,576,84,0,492,0
3121,104.0,1453,403,17,4,1409,35,5,11,139.71,1.623,1.647,1.475,0.083,0.042,-0.883,0.506,0.8449,2.1006,1.000,0.250,0.017,0.047,0.095,36,206,125,0,4,0,60715.18,62.999,35328.465,2874.579,117.203,7.638,24988.796,8631.912,21.764,12435.624,9948.499,2721.616,956.964,3016.196,0.000178,-0.005118,9,0,123,2,24,24,20928,0,1,0.548,1113,640,634,73,0,561,0
3151,105.0,1367,394,17,6,1316,39,6,9,151.46,1.637,1.645,1.452,0.089,0.043,-0.874,0.494,0.8666,2.0676,1.000,0.000,0.021,0.047,0.093,47,189,125,0,4,0,56914.02,55.647,33515.853,3432.164,16.437,7.364,23519.426,8244.165,19.452,12409.382,9927.505,3377.042,908.114,2254.757,0.000124,-0.005178,4,0,123,2,16,16,20283,0,0,0.000,1130,625,617,94,0,523,0
3181,106.0,1260,397,17,9,1215,32,4,9,157.36,1.638,1.640,1.424,0.090,0.043,-0.880,0.526,0.7296,2.0694,0.889,0.111,0.018,0.047,0.088,45,194,123,0,2,0,53163.42,64.170,30907.857,3234.794,17.667,7.773,21840.977,7703.396,18.134,11262.799,9010.239,3313.571,748.651,2080.123,0.000251,-0.006723,15,0,121,2,16,16,18864,14,0,0.000,1156,603,603,83,0,520,0
3211,107.0,1168,382,17,7,1123,37,1,8,167.83,1.636,1.627,1.414,0.092,0.044,-0.873,0.569,0.8248,2.0433,1.000,0.000,0.020,0.048,0.086,41,147,124,0,3,0,52486.86,60.984,30169.732,3213.228,148.455,7.518,19975.259,6662.110,13.884,9558.182,7646.546,3101.620,444.933,2011.063,0.000136,-0.006857,15,0,120,4,8,8,16706,0,0,0.000,969,385,377,89,0,288,0
3241,108.0,1179,381,17,10,1130,38,1,12,185.02,1.634,1.631,1.414,0.094,0.043,-0.873,0.572,0.7873,2.0601,1.000,0.100,0.021,0.049,0.084,47,121,76,0,1,0,50141.62,60.741,27862.347,2023.629,0.000,7.476,19403.408,6720.059,13.265,10978.500,8782.800,1942.477,853.022,1164.030,0.000123,-0.007714,0,0,76,0,7,7,16028,0,0,0.000,1181,480,468,48,0,420,0
3271,109.0,1094,401,17,14,1044,34,2,13,171.18,1.635,1.634,1.418,0.098,0.043,-0.875,0.570,0.7594,2.0577,1.000,0.000,0.021,0.048,0.083,43,154,98,0,0,0,46123.48,61.038,24668.865,2574.743,0.000,7.758,18638.224,6210.809,18.935,8878.866,7103.093,2466.848,658.587,1553.605,0.000187,-0.007538,0,0,95,3,5,5,15270,0,0,0.000,1099,419,399,64,0,335,0
3301,110.0,998,375,17,15,945,37,1,14,164.40,1.634,1.630,1.407,0.108,0.044,-0.868,0.571,0.8272,2.0845,1.000,0.000,0.014,0.049,0.082,32,136,130,0,4,0,41208.61,51.275,22408.304,3278.101,13.785,8.740,17385.357,6009.533,21.145,9170.883,7336.706,3163.258,470.840,1768.241,0.000142,-0.006360,7,0,126,4,9,9,14340,6,0,0.000,1019,426,415,88,0,327,0
3331,111.0,883,417,17,12,827,43,1,11,173.77,1.636,1.629,1.417,0.112,0.044,-0.850,0.583,0.7417,2.0707,1.000,0.000,0.021,0.049,0.083,33,135,114,0,2,0,36872.50,50.102,19536.587,2794.331,135.390,6.508,15346.095,5472.780,20.148,7187.193,5749.755,2688.172,433.216,1319.282,0.000155,-0.005568,11,0,112,2,5,5,12272,2,0,0.000,1161,476,436,82,0,354,0
3361,112.0,794,433,17,7,738,47,2,7,166.60,1.640,1.626,1.406,0.117,0.043,-0.834,0.582,0.8817,2.0794,1.000,0.000,0.020,0.050,0.082,33,116,103,0,3,0,32904.46,40.360,17757.331,2861.040,37.653,7.336,13972.976,4951.829,15.803,7088.821,5671.057,2928.425,249.627,1090.345,0.000133,-0.005769,3,0,102,1,2,2,11273,0,0,0.000,1285,529,528,94,0,434,0
3391,113.0,690,484,17,7,623,59,1,6,184.74,1.658,1.605,1.412,0.136,0.047,-0.791,0.564,0.9143,2.0334,1.000,0.000,0.015,0.051,0.079,26,90,144,0,2,0,28671.50,35.388,15867.121,3910.615,29.761,7.039,12304.020,4600.901,11.282,7168.321,5734.657,3796.514,512.971,1386.730,0.000109,-0.005637,1,0,144,0,1,1,10046,0,0,0.000,1550,746,738,130,0,608,0
3421,114.0,616,478,17,8,555,52,1,6,156.57,1.674,1.606,1.403,0.141,0.047,-0.790,0.571,0.7346,2.0393,1.000,0.000,0.008,0.052,0.082,29,97,98,0,2,0,26200.12,36.843,15635.911,2854.575,0.000,4.473,11033.829,4170.610,8.106,6558.111,5246.489,2761.470,421.218,1291.864,0.000103,-0.006205,0,0,98,0,7,7,9228,0,0,0.000,1674,677,674,82,0,592,0
3451,115.0,549,484,17,9,486,53,1,4,153.16,1.689,1.584,1.406,0.151,0.048,-0.769,0.687,0.7848,1.9854,1.000,0.111,0.020,0.052,0.074,32,81,81,0,2,0,23980.03,43.220,13698.301,2711.384,0.220,5.739,9915.399,3549.079,10.010,5258.331,4206.664,2629.340,475.517,1041.975,0.000089,-0.006773,2,0,80,1,5,5,8246,2,0,0.000,1565,510,503,59,0,444,0
3481,116.0,502,479,17,9,442,50,1,4,161.74,1.694,1.584,1.441,0.150,0.051,-0.763,0.687,0.8157,1.9734,1.000,0.000,0.022,0.050,0.078,24,72,74,0,0,0,21977.32,44.491,12399.087,2305.179,0.000,6.136,9089.930,3104.894,7.756,5351.083,4280.866,2311.677,202.429,964.565,0.000099,-0.006636,0,0,74,0,3,3,7501,0,0,0.000,1463,416,415,65,0,350,0
3511,117.0,462,477,17,11,408,42,1,3,153.59,1.700,1.592,1.480,0.144,0.050,-0.777,0.674,0.7875,1.9889,1.000,0.000,0.016,0.048,0.074,30,60,55,0,0,0,20093.95,46.234,11040.267,1833.288,0.226,4.838,8572.151,2699.366,6.231,4033.417,3226.734,1780.433,315.894,622.399,0.000096,-0.006440,2,0,55,0,0,0,7184,2,0,0.000,1383,273,273,46,0,227,0
3541,118.0,416,539,17,12,367,36,1,2,157.54,1.695,1.582,1.495,0.150,0.051,-0.785,0.671,0.7949,1.9781,1.000,0.000,0.017,0.050,0.076,25,64,48,0,0,0,17788.02,44.382,9266.721,1541.136,13.308,4.844,7856.210,2443.350,4.164,3535.247,2828.197,1491.146,123.223,533.024,0.000116,-0.006331,1,0,48,0,2,2,6598,0,0,0.000,1198,234,220,36,0,184,0
3571,119.0,395,521,17,8,358,29,0,2,192.42,1.684,1.591,1.472,0.139,0.047,-0.809,0.721,0.8248,1.9618,1.000,0.000,0.013,0.045,0.074,25,62,29,0,0,0,17662.65,36.794,10168.522,1065.296,0.000,4.421,7203.713,1922.930,3.882,3717.523,2974.019,1022.787,105.206,393.968,0.000061,-0.006445,0,0,29,0,0,0,5952,0,0,0.000,970,68,65,24,0,41,0
3601,120.0,395,543,16,6,359,29,1,4,229.70,1.693,1.582,1.417,0.136,0.044,-0.805,0.773,0.6047,1.9463,0.833,0.000,0.010,0.041,0.074,17,52,34,0,0,0,17228.77,27.342,9674.508,1066.557,1.239,3.780,6894.478,1890.686,4.121,4636.971,3709.577,1025.260,45.542,414.800,0.000069,-0.006481,1,0,33,1,1,1,5711,0,0,0.000,822,71,71,25,0,46,0
3631,121.0,400,501,16,5,366,28,1,6,201.46,1.701,1.589,1.400,0.134,0.045,-0.812,0.809,0.7811,1.9711,1.000,0.000,0.013,0.041,0.074,22,36,46,0,0,0,17677.12,25.710,11261.144,1391.205,14.182,4.220,6877.041,2011.949,7.709,4702.781,3762.225,1420.521,238.624,733.312,0.000095,-0.006519,1,0,42,4,1,1,5320,0,0,0.000,868,162,161,31,0,130,0
3661,122.0,384,511,16,5,346,30,3,6,140.92,1.700,1.579,1.410,0.146,0.048,-0.791,0.808,0.7574,1.9734,1.000,0.000,0.013,0.045,0.075,23,37,61,0,1,0,18011.95,28.301,10898.343,2084.580,0.000,4.917,6834.222,2024.863,11.103,4493.648,3594.918,2040.493,247.048,619.935,0.000078,-0.006374,0,0,61,0,1,1,5322,0,0,0.000,841,160,149,49,0,100,0
3691,123.0,389,529,16,5,355,25,4,8,139.92,1.706,1.568,1.376,0.136,0.047,-0.808,0.808,0.7349,1.9499,1.000,0.000,0.010,0.043,0.073,19,34,38,0,0,0,18464.98,26.268,10413.344,1116.712,0.000,3.978,6583.263,1901.618,10.073,4212.509,3370.007,1180.572,104.598,480.669,0.000132,-0.005938,0,0,37,1,4,4,5261,0,1,0.647,828,90,89,27,0,62,0
3721,124.0,407,575,16,5,372,25,5,6,155.48,1.716,1.574,1.371,0.138,0.046,-0.811,0.808,0.6843,1.9742,1.000,0.000,0.010,0.044,0.077,26,29,27,0,1,0,18862.01,24.157,10416.283,841.725,0.000,4.730,6787.073,1998.741,11.886,4042.670,3234.136,818.567,82.401,377.934,0.000142,-0.004570,0,0,27,0,4,4,5767,0,0,0.000,703,69,69,19,0,50,0
3751,125.0,438,587,16,4,411,21,2,7,160.37,1.704,1.601,1.378,0.121,0.045,-0.843,0.884,0.6899,1.9775,1.000,0.000,0.021,0.043,0.078,19,33,27,0,1,0,19746.68,19.567,12325.285,758.052,0.000,5.841,7122.112,2096.952,9.711,4924.513,3939.610,896.368,513.458,594.732,0.000079,-0.004178,0,0,25,2,5,5,6205,0,0,0.000,637,36,36,17,0,19,0
3781,126.0,457,672,16,4,434,17,2,7,162.81,1.689,1.627,1.383,0.113,0.042,-0.860,0.884,0.6610,2.0665,1.000,0.000,0.020,0.042,0.077,24,56,26,0,1,0,20739.62,15.991,12764.347,738.216,0.000,4.889,7587.707,2283.630,10.483,5389.182,4311.345,842.814,214.990,508.150,0.000079,-0.003614,0,0,26,0,5,5,6704,0,0,0.000,490,53,53,16,0,37,0
3811,127.0,520,650,16,4,502,14,0,7,163.56,1.675,1.653,1.352,0.104,0.041,-0.878,0.884,0.7143,2.1256,1.000,0.000,0.016,0.041,0.076,26,41,21,0,0,0,23418.81,14.087,15147.623,456.643,0.000,3.235,8071.603,2515.750,10.541,6625.956,5300.765,429.271,233.849,352.956,0.000098,-0.003350,0,0,21,0,5,5,7330,0,0,0.000,425,69,69,16,0,53,0
3841,128.0,589,637,16,4,568,17,0,5,154.65,1.679,1.672,1.338,0.116,0.042,-0.871,0.889,0.7459,2.1787,1.000,0.000,0.012,0.037,0.082,21,43,36,0,2,0,26915.83,17.315,18297.357,1024.355,0.000,3.935,9296.469,3209.392,9.155,8087.394,6469.916,985.283,240.440,483.793,0.000112,-0.002458,0,0,36,0,4,4,8640,0,0,0.000,467,69,64,27,0,37,0
3871,129.0,643,605,16,7,616,20,0,4,129.26,1.681,1.676,1.318,0.117,0.043,-0.868,0.785,0.7424,2.2033,1.000,0.000,0.017,0.037,0.082,23,61,40,0,1,0,29298.74,22.475,18905.264,1164.042,0.000,3.763,10250.485,3671.769,6.389,8339.734,6671.787,1118.529,395.838,597.912,0.000102,-0.002222,0,0,40,0,5,5,9352,0,0,0.000,557,89,89,24,0,65,0
3901,130.0,701,578,15,7,663,31,0,3,137.23,1.675,1.660,1.304,0.125,0.044,-0.847,0.655,0.8013,2.1825,1.000,0.000,0.014,0.040,0.078,31,61,66,0,1,0,31985.20,21.139,21175.233,2230.518,0.000,5.243,10998.367,3998.664,5.126,9907.213,7925.770,2185.954,562.903,1007.981,0.000132,-0.002389,0,0,64,2,5,5,9023,0,0,0.000,783,284,284,48,0,236,0
3931,131.0,747,594,15,11,702,34,0,2,113.15,1.672,1.648,1.277,0.125,0.046,-0.845,0.656,0.7312,2.1942,1.000,0.000,0.012,0.042,0.077,40,51,77,0,0,0,34016.06,26.331,21686.825,2521.008,0.000,5.347,12035.725,4298.201,2.708,9270.660,7416.528,2522.974,468.296,1021.262,0.000172,-0.002513,0,0,75,2,4,4,9205,0,0,0.000,941,267,265,54,0,211,0
3961,132.0,767,626,15,12,699,56,0,1,95.48,1.690,1.622,1.318,0.142,0.049,-0.803,0.659,0.7861,2.0935,1.000,0.000,0.016,0.044,0.080,30,63,134,0,1,0,36048.04,32.743,23969.168,4188.215,25.663,5.334,12586.409,4580.357,1.941,11837.319,9469.855,4199.501,812.982,1609.497,0.000107,-0.002450,1,0,134,0,8,8,9644,0,0,0.000,1266,426,409,118,0,291,0
3991,133.0,781,689,15,7,695,79,0,1,120.75,1.700,1.605,1.387,0.158,0.051,-0.759,0.662,0.7372,2.0602,1.000,0.000,0.010,0.048,0.084,27,82,146,0,0,0,36194.02,31.980,24720.153,5612.585,0.000,4.628,13243.394,5792.009,1.456,13170.425,10536.340,5603.531,790.625,2153.637,0.000161,-0.002253,0,0,146,0,10,10,11650,0,0,0.000,2065,1187,1186,132,0,1054,0
4021,134.0,829,791,15,6,760,63,0,3,97.69,1.699,1.621,1.371,0.137,0.048,-0.799,0.664,0.6910,2.0416,1.000,0.000,0.015,0.047,0.089,31,88,94,0,0,0,37987.36,25.608,25291.115,3322.332,16.623,4.183,13752.638,5412.368,1.696,12481.928,9985.543,3318.684,539.283,1324.657,0.000113,-0.001897,1,0,92,2,7,7,12684,0,1,0.775,2209,825,823,76,0,747,0
4051,135.0,920,732,15,9,855,56,0,4,113.43,1.700,1.648,1.375,0.126,0.048,-0.832,0.668,0.8128,2.0864,1.000,0.000,0.014,0.049,0.088,29,76,117,0,2,0,43377.40,31.762,31596.009,4041.684,5.224,3.698,14909.715,5666.353,2.109,15468.812,12375.050,4314.658,629.857,1662.963,0.000098,-0.001895,1,0,117,0,10,10,13637,0,0,0.000,1687,532,521,95,0,426,0
4081,136.0,984,797,15,8,902,74,0,4,101.07,1.702,1.654,1.383,0.138,0.051,-0.805,0.668,0.8389,2.1149,1.000,0.000,0.016,0.048,0.088,19,81,153,0,1,0,46229.65,36.392,31602.005,5467.725,37.931,4.103,16588.692,6455.691,6.714,16124.312,12899.450,5438.690,836.072,1703.150,0.000151,-0.001784,3,0,153,0,3,3,14640,0,0,0.000,1966,775,772,145,0,627,0
4111,137.0,1015,758,15,4,925,85,1,3,110.65,1.716,1.635,1.409,0.144,0.055,-0.791,0.668,0.8381,2.0668,1.000,0.000,0.017,0.054,0.089,28,86,212,0,1,0,49612.62,35.563,35842.519,6756.691,0.000,3.171,17442.205,6922.622,5.966,17976.375,14381.100,6851.371,1300.979,3133.385,0.000102,-0.001360,0,0,212,0,23,23,14960,0,0,0.000,2292,1057,1051,182,0,869,0
4141,138.0,1068,747,15,4,948,114,2,4,99.01,1.724,1.617,1.465,0.156,0.057,-0.753,0.668,0.8177,2.0179,1.000,0.000,0.018,0.056,0.092,38,77,203,0,0,0,51068.81,44.240,35212.727,6736.575,0.000,5.110,18553.684,7415.998,5.516,18226.934,14581.547,6591.518,1269.947,3055.302,0.000136,-0.001259,0,0,201,2,19,19,15441,0,2,1.935,3137,1358,1352,179,0,1171,0
4171,139.0,1120,702,15,2,1002,112,4,9,90.92,1.717,1.611,1.497,0.159,0.058,-0.763,0.668,0.8508,2.0047,1.000,0.000,0.011,0.056,0.086,30,126,204,0,0,0,52661.68,48.802,37654.475,6934.540,4.586,5.605,19710.268,7947.045,8.836,20585.686,16468.549,6875.873,1075.943,3309.851,0.000131,-0.000607,1,0,204,0,29,29,15645,0,0,0.000,3530,1559,1555,174,0,1381,0
4201,140.0,1183,818,14,1,1060,118,4,7,96.65,1.704,1.612,1.538,0.157,0.058,-0.763,0.668,0.8478,1.9953,1.000,0.000,0.013,0.059,0.084,27,102,187,0,5,0,53650.27,61.879,36246.416,6648.819,0.000,5.986,20453.473,7479.455,12.539,19270.793,15416.634,6802.442,801.946,2564.506,0.000141,-0.000698,0,0,187,0,10,10,16927,0,0,0.000,3499,1123,1121,177,0,944,0
4231,141.0,1208,763,14,1,1094,110,3,7,93.50,1.694,1.622,1.635,0.142,0.057,-0.779,0.668,0.8345,1.9929,1.000,0.000,0.011,0.058,0.077,27,122,230,0,2,0,56448.88,57.922,41338.077,7542.727,0.000,5.465,21940.176,8011.919,9.620,20396.123,16316.899,7840.146,1339.974,2919.054,0.000180,-0.001304,0,0,230,0,19,19,18355,0,0,0.000,3529,1160,1155,208,0,947,0
4261,142.0,1325,752,14,1,1208,111,5,5,103.40,1.695,1.639,1.685,0.133,0.056,-0.789,0.473,0.8855,2.0177,1.000,0.000,0.006,0.058,0.080,35,121,181,0,4,0,59763.06,66.921,42900.612,6254.119,0.000,5.859,23661.257,8173.123,9.751,22876.963,18301.571,6398.784,789.202,2299.970,0.000256,0.000860,0,0,181,0,9,9,18385,0,0,0.000,3208,1088,1081,169,0,912,0
4291,143.0,1404,731,14,0,1305,93,6,5,100.75,1.693,1.655,1.688,0.120,0.055,-0.818,0.000,0.0000,2.0158,0.000,0.000,0.009,0.058,0.077,38,154,172,0,1,0,63106.45,65.321,45154.188,5344.357,0.000,6.696,25586.179,8667.494,6.982,21776.206,17420.965,5317.827,1221.883,2064.869,0.000126,0.001167,0,0,171,1,11,11,18599,0,1,0.911,3052,1190,1188,158,0,1029,0
4321,144.0,1497,574,14,0,1408,81,8,5,114.19,1.687,1.670,1.715,0.110,0.054,-0.837,0.000,0.0000,2.0440,0.000,0.000,0.012,0.058,0.073,26,168,169,0,1,0,69102.55,58.975,50608.659,5457.802,0.000,7.207,27635.964,8945.008,8.246,23151.298,18521.039,5437.913,851.499,2620.438,0.000112,0.000727,0,0,169,0,16,16,19924,0,0,0.000,2655,924,922,149,0,773,0
4351,145.0,1567,599,15,0,1477,85,5,7,92.94,1.695,1.654,1.700,0.112,0.055,-0.840,0.000,0.0000,2.0172,0.000,0.000,0.011,0.056,0.072,36,176,159,0,2,0,71239.21,58.510,48396.779,5410.202,0.000,7.487,28784.633,9457.127,8.184,22117.986,17694.389,5710.660,1025.495,2319.141,0.000220,0.000452,0,0,159,0,13,13,20338,0,0,0.000,2443,1059,1058,144,0,914,0
4381,146.0,1631,575,15,0,1532,93,6,11,98.33,1.705,1.635,1.679,0.116,0.056,-0.832,0.000,0.0000,1.9964,0.000,0.000,0.010,0.056,0.076,40,177,191,0,1,0,72536.49,72.069,51074.839,6193.237,0.000,8.297,30465.404,10446.705,16.652,23472.540,18778.033,6155.252,1301.747,2962.597,0.000137,0.000736,0,0,191,0,22,22,21450,0,0,0.000,2628,1446,1445,167,0,1278,0
4411,147.0,1607,653,15,0,1498,105,4,10,106.31,1.715,1.622,1.672,0.123,0.057,-0.821,0.000,0.0000,1.9657,0.000,0.000,0.013,0.056,0.076,30,229,227,0,4,0,73258.52,78.606,50689.373,8010.655,0.000,6.437,30558.310,10729.582,21.410,23792.477,19033.982,7803.008,1218.510,2967.295,0.000143,0.001208,0,0,227,0,14,14,22062,0,0,0.000,2876,1516,1512,213,0,1299,0
4441,148.0,1602,623,15,0,1480,118,4,19,109.78,1.717,1.628,1.700,0.129,0.059,-0.805,0.000,0.0000,1.9687,0.000,0.000,0.013,0.055,0.078,40,195,242,0,2,0,73045.91,83.888,51229.238,8260.605,0.000,6.473,30744.909,11677.958,23.264,23728.122,18982.498,8052.558,1575.570,2966.462,0.000178,0.000497,0,0,242,0,20,20,22487,0,0,0.000,3528,2073,2070,222,0,1848,0
4471,149.0,1641,584,15,1,1527,110,3,15,106.57,1.712,1.646,1.702,0.124,0.058,-0.816,0.496,0.5321,1.9826,1.000,0.000,0.015,0.054,0.075,37,188,237,0,3,0,74473.20,90.640,53126.960,8380.972,0.000,7.716,30938.564,10929.043,26.649,25409.797,20327.838,8284.392,2032.431,2878.230,0.000202,-0.001175,0,0,237,0,13,13,20657,0,0,0.000,3318,1773,1771,221,0,1550,0
4501,150.0,1616,549,16,0,1480,128,8,15,103.22,1.711,1.634,1.714,0.137,0.060,-0.790,0.000,0.0000,1.9675,0.000,0.000,0.015,0.054,0.071,29,195,283,0,3,0,73123.27,90.078,52322.251,11334.508,0.000,7.407,31433.243,11255.506,21.953,25034.807,20027.846,11279.308,2533.331,3566.471,0.000211,-0.001061,0,0,283,0,12,12,20683,0,0,0.000,3360,1808,1806,267,0,1539,0
4531,151.0,1620,539,16,0,1498,113,9,16,105.28,1.705,1.632,1.671,0.131,0.060,-0.806,0.000,0.0000,1.9815,0.000,0.000,0.015,0.056,0.066,39,180,206,0,4,0,73864.50,82.349,50207.227,7526.517,0.000,11.898,30955.843,11081.989,26.234,21267.357,17013.886,7484.641,1238.189,2034.492,0.000163,-0.000460,0,0,206,0,3,3,21013,0,0,0.000,3582,1848,1845,201,0,1644,0
4561,152.0,1621,526,16,0,1503,105,13,21,95.22,1.708,1.625,1.640,0.127,0.060,-0.816,0.000,0.0000,1.9631,0.000,0.000,0.010,0.057,0.065,34,180,271,0,4,0,73882.44,101.739,51153.914,9189.436,0.000,7.061,30656.082,10425.833,31.054,24745.141,19796.113,9252.441,1744.682,3368.036,0.000224,-0.000100,0,0,270,1,12,12,21050,0,1,2.201,3206,1475,1472,247,0,1225,0
4591,153.0,1577,519,16,0,1447,119,11,18,103.65,1.710,1.623,1.671,0.135,0.064,-0.798,0.000,0.0000,1.9579,0.000,0.000,0.015,0.058,0.068,42,166,293,0,1,0,72495.69,105.479,50244.314,10940.982,0.000,6.607,30322.507,11420.705,37.297,22652.345,18121.876,10892.086,2076.052,3398.410,0.000161,-0.000352,0,0,293,0,9,9,21328,0,0,0.000,3602,2073,2068,278,0,1790,0
4621,154.0,1577,503,16,0,1452,110,15,18,108.68,1.708,1.623,1.697,0.128,0.063,-0.806,0.000,0.0000,1.9612,0.000,0.000,0.014,0.059,0.065,23,201,201,0,2,0,70837.98,92.170,47190.994,7825.696,0.000,9.311,30132.245,10636.061,30.565,21832.509,17466.007,7728.246,1434.022,2438.924,0.000118,-0.000702,0,0,201,0,3,3,21387,0,0,0.000,3483,1696,1692,189,0,1503,0
4651,155.0,1510,526,21,0,1378,118,14,19,124.49,1.705,1.625,1.728,0.131,0.063,-0.792,0.000,0.0000,1.9554,0.000,0.000,0.017,0.059,0.064,35,193,267,0,4,0,67628.63,104.404,45516.766,9957.683,0.000,9.122,29689.390,10567.120,30.488,21649.582,17319.666,9847.560,1691.882,2631.840,0.000159,-0.001975,0,0,267,0,4,4,20993,0,0,0.000,3433,1838,1833,259,0,1574,0
4681,156.0,1473,541,21,0,1327,129,17,24,110.63,1.712,1.627,1.748,0.140,0.064,-0.777,0.000,0.0000,1.9360,0.000,0.000,0.010,0.060,0.061,45,188,247,0,2,0,65190.82,98.803,44791.661,9950.811,0.000,8.097,28812.087,9823.827,35.390,21709.684,17367.747,9829.483,1826.725,2609.641,0.000176,-0.002145,0,0,247,0,8,8,19687,0,0,0.000,3451,1624,1618,239,0,1379,0
4711,157.0,1398,539,21,0,1256,128,14,18,126.89,1.720,1.638,1.751,0.145,0.063,-0.772,0.000,0.0000,1.9444,0.000,0.000,0.015,0.061,0.065,34,168,266,0,4,0,63113.29,91.104,44536.802,9583.744,0.000,10.296,28083.954,9903.802,38.204,19888.782,15911.026,9782.907,1611.514,2891.049,0.000248,-0.003656,0,0,266,0,16,16,19234,0,0,0.000,3752,1784,1784,249,0,1535,0
4741,158.0,1351,617,21,0,1223,114,14,17,140.67,1.728,1.642,1.744,0.144,0.063,-0.785,0.000,0.0000,1.9409,0.000,0.000,0.013,0.061,0.067,33,179,212,0,1,0,60520.85,83.260,42329.302,7168.467,0.000,7.873,27293.302,9365.615,28.917,18969.083,15175.266,7051.923,1787.508,2852.386,0.000127,-0.003558,0,0,212,0,23,23,18490,0,0,0.000,3366,1428,1427,186,0,1241,0
4771,159.0,1317,614,21,0,1193,109,15,13,124.53,1.736,1.645,1.706,0.149,0.063,-0.787,0.000,0.0000,1.9349,0.000,0.000,0.016,0.060,0.070,28,166,204,0,4,0,60878.21,83.953,42924.232,7212.597,0.000,9.410,26230.034,8800.581,27.034,18658.128,14926.503,6998.290,1545.491,2530.358,0.000217,-0.005365,0,0,204,0,9,9,16940,0,0,0.000,3054,1265,1262,193,0,1069,0
4801,160.0,1312,574,20,0,1182,119,11,11,113.57,1.747,1.635,1.663,0.156,0.063,-0.773,0.000,0.0000,1.9490,0.000,0.000,0.015,0.060,0.071,34,145,229,0,3,0,61600.54,96.275,43867.111,8494.793,0.000,7.088,25999.504,8935.648,19.762,20535.373,16428.298,8458.949,1720.448,2494.473,0.000143,-0.005821,0,0,229,0,6,6,17059,0,0,0.000,3261,1334,1329,219,0,1110,0
4831,161.0,1254,548,20,0,1120,122,12,7,111.01,1.757,1.641,1.675,0.169,0.065,-0.760,0.000,0.0000,1.9296,0.000,0.000,0.014,0.059,0.072,32,139,274,0,1,0,58092.85,97.003,39418.718,8382.211,0.000,8.640,25490.535,8455.091,15.958,19527.314,15621.852,8351.015,1512.617,3674.938,0.000132,-0.005257,0,0,274,0,27,27,16435,0,0,0.000,3546,1290,1286,240,0,1046,0
4861,162.0,1188,585,20,0,1052,121,15,4,107.71,1.762,1.645,1.700,0.175,0.064,-0.744,0.000,0.0000,1.8915,0.000,0.000,0.012,0.057,0.073,33,136,233,0,1,0,53890.45,91.189,36256.895,7971.170,0.000,6.312,24281.854,8530.903,12.341,16864.345,13491.477,7849.189,1639.811,2834.688,0.000148,-0.004469,0,0,233,0,17,17,15725,0,0,0.000,3858,1490,1489,214,0,1275,0
4891,163.0,1134,558,20,0,1011,112,11,1,114.43,1.760,1.674,1.759,0.169,0.062,-0.752,0.000,0.0000,1.9327,0.000,0.000,0.009,0.054,0.071,38,167,187,0,2,0,51374.37,73.511,35308.416,6343.167,0.000,5.426,23197.898,7942.149,5.098,16644.172,13315.338,6187.727,942.296,2637.174,0.000177,-0.003845,0,0,187,0,18,18,15302,0,0,0.000,3495,1243,1240,168,0,1072,0
4921,164.0,1080,477,20,0,968,108,4,0,110.62,1.764,1.682,1.785,0.168,0.063,-0.754,0.000,0.0000,1.9124,0.000,0.000,0.013,0.053,0.074,34,144,177,0,0,0,49696.76,69.532,34088.111,6272.151,0.000,7.396,22538.734,7351.407,0.231,14687.265,11749.812,6219.070,824.952,2235.557,0.000133,-0.004007,0,0,177,0,13,13,14722,0,0,0.000,3223,1073,1072,163,0,909,0
4951,165.0,1016,506,20,0,919,91,6,1,116.18,1.767,1.691,1.781,0.157,0.062,-0.771,0.000,0.0000,1.9242,0.000,0.000,0.014,0.055,0.074,38,135,151,0,0,0,45947.32,56.093,30225.467,5608.699,0.000,6.142,21690.987,7151.200,0.067,12283.633,9826.906,5568.523,782.024,1990.167,0.000110,-0.004356,0,0,151,0,13,13,13936,0,0,0.000,2867,1103,1101,135,0,966,0
4981,166.0,950,562,20,0,865,81,4,1,117.12,1.772,1.701,1.794,0.148,0.063,-0.783,0.000,0.0000,1.9556,0.000,0.000,0.012,0.054,0.069,28,139,124,0,0,0,43900.34,48.801,28529.659,4665.549,0.000,5.498,20340.662,6226.503,1.009,10940.176,8752.141,4528.315,707.699,1298.765,0.000106,-0.004796,0,0,124,0,2,2,13454,0,0,0.000,2570,847,844,119,0,725,0
